縣市,行政區,地址,投注站名稱,Google 地圖連結
嘉義市,東區,嘉義市東區忠孝北街221號1樓,泳勝運動彩券行,地圖
嘉義市,西區,嘉義市西區民生南路562號1樓,尚鼎發運動彩券,地圖
嘉義市,西區,嘉義市西區友愛路186號1樓,一定發運動彩券行,地圖
嘉義市,西區,嘉義市西區民族路694號1樓,鴻運運動彩券行,地圖
嘉義市,東區,嘉義市東區光華路107號1樓,双嚮炮運動彩券行,地圖
嘉義市,東區,嘉義市東區興業東路110號1樓,真好野運動彩券行,地圖
嘉義市,東區,嘉義市東區民族路158號1樓,冠君運動彩券,地圖
嘉義市,西區,嘉義市西區仁愛路558號1樓,伍貳捌運動彩券行,地圖
嘉義市,西區,嘉義市西區南京路410號1樓,伍壹捌運動彩券行,地圖
嘉義市,東區,嘉義市東區林森東路607號1樓,華客多運動彩券行,地圖
嘉義市,西區,嘉義市西區文化路555號1樓,聚寶運動彩券行,地圖
嘉義市,東區,嘉義市東區新生路818號1樓,焦點運動彩券行,地圖
嘉義市,西區,嘉義市西區民生北路145號1樓,金包贏運動彩券行,地圖
嘉義市,西區,嘉義市西區友愛路160號1樓,博盈運動彩券行,地圖
嘉義市,東區,嘉義市東區林森東路361號1樓,環球運動彩券行,地圖
嘉義市,東區,嘉義市東區吳鳳南路362號1樓,金永發運動彩券行,地圖
嘉義市,西區,嘉義市西區新榮路345號1樓,新榮運彩投注站,地圖
嘉義市,東區,嘉義市東區興業東路306號1樓,明昌運動彩券行,地圖
嘉義市,西區,嘉義市西區興業西路389號1樓,來就發運動彩券行,地圖
嘉義市,西區,嘉義市西區興業西路99號1樓,全都中運動彩券行,地圖
嘉義市,東區,嘉義市東區林森東路462號1樓,球星運動彩券投注站,地圖
嘉義市,西區,嘉義市西區玉山路110號1樓,泳發運動彩券行,地圖
嘉義市,東區,嘉義市東區吳鳳北路138號1樓,一路發運動彩券行,地圖
嘉義市,西區,嘉義市西區新民路822號1樓,買就贏運動彩券,地圖
嘉義市,西區,嘉義市西區上海路229號1樓,孔雀運動彩券,地圖
嘉義市,西區,嘉義市西區林森西路266號1樓,漲停板運動彩券行,地圖
嘉義市,西區,嘉義市西區國華街76之1號1樓,大家樂運動彩券,地圖
嘉義市,西區,嘉義市西區西門街202號之1(1樓),錢攏來運動彩券行,地圖
嘉義市,西區,嘉義市西區北興街406號1樓,金旺好運動彩券行,地圖
基隆市,安樂區,基隆市安樂區麥金路186號1樓,真棒運動彩券行,地圖
基隆市,信義區,基隆市信義區深溪路168號1樓,好運發彩券行,地圖
基隆市,中正區,基隆市中正區義二路28號1樓,富貴運動彩券行,地圖
基隆市,七堵區,基隆市七堵區工建路1-19號1樓,好運到彩券行,地圖
基隆市,中正區,基隆市中正區北寧路368之1號1樓,八斗運動彩券,地圖
基隆市,七堵區,基隆市七堵區百三街62號1樓,世界盃運動彩券行,地圖
基隆市,中正區,基隆市中正區新豐街308號1樓,新豐運動彩券行,地圖
基隆市,仁愛區,基隆市仁愛區愛四路26之1號1樓,成富豪運動彩券,地圖
基隆市,仁愛區,基隆市仁愛區仁三路37號1樓,聯鎂彩券行,地圖
基隆市,中山區,基隆市中山區中和路166之4號1樓,小聯盟運動彩券行,地圖
基隆市,信義區,基隆市信義區義六路15號1樓,運寶成彩券行,地圖
基隆市,仁愛區,基隆市仁愛區仁四路54之1、2號1樓,全壘打運動彩券行,地圖
基隆市,仁愛區,基隆市仁愛區孝三路82號1樓,超級盃運動彩券行,地圖
基隆市,暖暖區,基隆市暖暖區源遠路305號1樓,宏龍彩券行,地圖
基隆市,信義區,基隆市信義區深溪路110號1樓,爆米發運動彩券行,地圖
基隆市,中正區,基隆市中正區義二路10號1樓,建宸運動彩券行,地圖
基隆市,七堵區,基隆市七堵區開元路69號1樓,一級棒運彩行,地圖
基隆市,中山區,基隆市中山區安一路15號1樓,錸錸發投注站,地圖
基隆市,安樂區,基隆市安樂區安樂路二段120號1樓,富豪運動彩券行,地圖
基隆市,暖暖區,基隆市暖暖區源遠路192號1樓,連贏運動彩券,地圖
基隆市,信義區,基隆市信義區信二路71號1樓,金讚運動彩券行,地圖
基隆市,中山區,基隆市中山區復興路162號1樓,金來贏運彩行,地圖
基隆市,仁愛區,基隆市仁愛區仁二路28號1樓,大家贏彩券行,地圖
基隆市,仁愛區,基隆市仁愛區仁三路54號1樓,快來旺運動彩券行,地圖
基隆市,安樂區,基隆市安樂區基金一路133-4號1樓,富裕運動彩券行,地圖
基隆市,仁愛區,基隆市仁愛區仁四路24號1樓,少將腳運動彩券投注站,地圖
基隆市,安樂區,基隆市安樂區基金三路139號1樓,一夜暴富運彩行,地圖
基隆市,中山區,基隆市中山區復興路252號1樓,富聯運動彩券行,地圖
基隆市,中正區,基隆市中正區北寧路352號1樓,鴻富運動彩券行,地圖
基隆市,安樂區,基隆市安樂區安樂路二段235號1樓,一定贏運動彩券行,地圖
基隆市,仁愛區,基隆市仁愛區仁四路28號1樓,金鶯運動彩券行,地圖
基隆市,七堵區,基隆市七堵區明德一路109號1樓,仟佰倍運動彩券行,地圖
基隆市,中山區,基隆市中山區復興路109號1樓,八中八運動彩券行,地圖
基隆市,仁愛區,基隆市仁愛區孝三路26號1樓,金興彩券行,地圖
基隆市,暖暖區,基隆市暖暖區暖暖街477號1樓,金來運動彩券行,地圖
基隆市,信義區,基隆市信義區深溪路160號1樓,鴻吉運動彩券行,地圖
基隆市,安樂區,基隆市安樂區基金一路393號1樓,神采運動彩券行,地圖
新竹市,東區,新竹市東區東門街85號,東門之心運動彩券,地圖
新竹市,東區,新竹市東區光復路一段166號1樓,金鼎豐運動彩券行,地圖
新竹市,東區,新竹市東區西大路89號1樓,包你發運動彩券,地圖
新竹市,香山區,新竹市香山區香北路193號1樓,財旺運動彩券行,地圖
新竹市,北區,新竹市北區湳雅街2-1號1樓,非中不可商行,地圖
新竹市,東區,新竹市東區鐵道路二段10號1樓,金富貴運彩投注站,地圖
新竹市,北區,新竹市北區中正路281號1樓,禾秦運動彩券行,地圖
新竹市,東區,新竹市東區高翠路369號1樓,財來運轉商行,地圖
新竹市,北區,新竹市北區北新街58號1樓,冠達運彩行,地圖
新竹市,東區,新竹市東區金山街131號1樓,幸運之星運彩商行,地圖
新竹市,東區,新竹市東區林森路32號1樓,金竹旺運動彩券行,地圖
新竹市,東區,新竹市東區金山街3號1樓,龍強商行,地圖
新竹市,北區,新竹市北區中山路420號1樓,財神旺運彩行,地圖
新竹市,東區,新竹市東區竹蓮街70號1樓,竹蓮發運動彩券行,地圖
新竹市,東區,新竹市東區南大路653號1樓,金順發運動彩券,地圖
新竹市,東區,新竹市東區南大路398號1樓,紅發運彩商行,地圖
新竹市,北區,新竹市北區西大路579號1樓,金福氣運彩行,地圖
新竹市,北區,新竹市北區湳雅街42號1樓,金泰豐運動彩券行,地圖
新竹市,北區,新竹市北區北門街5號1樓,照旺運動彩券行,地圖
新竹市,東區,新竹市東區東南街157號1樓,帶財運動彩券行,地圖
新竹市,北區,新竹市北區中山路428號1樓,天公伯運動彩券行,地圖
新竹市,東區,新竹市東區新源街90號1樓,大滿貫運彩行,地圖
新竹市,東區,新竹市東區光復路一段310號1樓,全民商行,地圖
新竹市,東區,新竹市東區長春街62巷1號1樓,長春利運動彩券行,地圖
新竹市,東區,新竹市東區金山街101號1樓,壹零壹商行,地圖
新竹市,北區,新竹市北區西大路724號1樓,鈔好中彩券行,地圖
新竹市,香山區,新竹市香山區內湖路88之2號1樓,飛來富運彩投注站,地圖
新竹市,香山區,新竹市香山區香北路152號1樓,雙贏運動彩券,地圖
新竹市,北區,新竹市北區西大路509號1樓,強強滾運彩行,地圖
新竹市,東區,新竹市東區埔頂路294號1樓,一定發運動彩券,地圖
新竹市,東區,新竹市東區民生路75號1樓,羿鑫投注站,地圖
新竹市,東區,新竹市東區南大路289、291號1樓,一兆運動彩券行,地圖
新竹市,東區,新竹市東區長春街12號1樓,翔龍商行,地圖
新竹市,東區,新竹市東區建功一路186號1樓,齊勝運動彩券行,地圖
新竹市,北區,新竹市北區東大路三段710號1樓,鴻鴻運動彩券行,地圖
新竹市,東區,新竹市東區林森路185號1樓,金財神運動彩券行,地圖
新竹市,北區,新竹市北區中山路86號1樓,贏達運動彩券行,地圖
新竹市,東區,新竹市東區高翠路307號1樓,幸運大聯盟彩券行,地圖
新竹市,東區,新竹市東區光復路一段659號1樓,一路發運彩商行,地圖
新竹市,東區,新竹市東區科學園路145號1樓,六鑫旺運動彩券,地圖
新竹市,香山區,新竹市香山區牛埔路421號1樓,金賀勝運動彩券行,地圖
新竹市,東區,新竹市東區民生路252號1樓,福贏運動彩券行,地圖
新竹市,香山區,新竹市香山區香北路147號1樓,滿億彩券行,地圖
新竹市,東區,新竹市東區新莊街158號1樓,壹伍捌商行,地圖
新竹市,東區,新竹市東區民權路153號1樓,巨城運動彩券,地圖
新竹市,北區,新竹市北區金竹路131號1樓,全虹運運動彩券行,地圖
新竹市,北區,新竹市北區西門街103號1樓,飛來旺運動彩券,地圖
新竹市,北區,新竹市北區光華南街40號1樓,爆發富運彩商行,地圖
新竹市,北區,新竹市北區北大路318號1樓,直過關運動彩,地圖
新竹市,北區,新竹市北區民富街97號1樓,天下第一莊運動彩券,地圖
新竹市,東區,新竹市東區振興路125號1樓,球球運動彩券,地圖
新竹市,東區,新竹市東區竹蓮街82號1樓,金鈺鑫運動彩券行,地圖
新竹市,北區,新竹市北區光華一街28號1樓,又中獎運動彩券,地圖
台東縣,臺東市,台東縣台東市正氣北路213號1樓,好運樹投注站,地圖
台東縣,臺東市,台東縣台東市博愛路85號1樓,東成商行,地圖
台東縣,臺東市,台東縣台東市中華路一段245號1樓,贏家運動彩券行,地圖
台東縣,臺東市,台東縣台東市中華路一段519號1樓,好運旺運動彩券,地圖
台東縣,臺東市,台東縣台東市正氣路158號1樓,金發財運動彩券行,地圖
台東縣,臺東市,台東縣台東市開封街411之1號1樓,金牌運動彩券行,地圖
台東縣,臺東市,台東縣台東市漢陽北路207號1樓,愛斯特運動彩券,地圖
台東縣,臺東市,台東縣台東市更生路148巷3號1樓,翻滾吧運動彩券行,地圖
台東縣,臺東市,台東縣台東市中華路一段560號1樓,得荔運彩行,地圖
台東縣,成功鎮,台東縣成功鎮大同路42號1樓,成功一星運動彩券行,地圖
台東縣,東河鄉,台東縣東河鄉都蘭92號1樓,金大咖運動彩券行,地圖
台東縣,臺東市,台東縣台東市光明路241號1樓,勒芒運動彩券行,地圖
台東縣,臺東市,台東縣台東市漢陽北路159號1樓,利曼運動彩券行,地圖
台東縣,臺東市,台東縣台東市正氣路179號1樓,薩爾特運動彩券行,地圖
台東縣,成功鎮,台東縣成功鎮中華路98、100號1樓,勝利玩家運動彩券行,地圖
台東縣,臺東市,台東縣台東市中華路二段252號1樓,鑫賓樂運動彩券行,地圖
台東縣,關山鎮,台東縣關山鎮和平路87之1號1樓,八八八運動彩券行,地圖
台東縣,鹿野鄉,台東縣鹿野鄉中華路二段30號1樓,六六六運動彩券行,地圖
金門縣,金寧鄉,金門縣金寧鄉頂堡62之1號1樓,鑫裡有您運動彩券行,地圖
金門縣,金城鎮,金門縣金城鎮浯江北堤路27號1樓,鑫發怒放運動彩券行,地圖
金門縣,金湖鎮,金門縣金湖鎮夏興5之1號1樓,鑫鑫向榮運動彩券行,地圖
金門縣,金城鎮,金門縣金城鎮民權路115號1樓,鑫鑫相印運動彩券行,地圖
金門縣,金湖鎮,金門縣金湖鎮市港路150號1樓,鑫騎白馬運動彩券行,地圖
金門縣,金沙鎮,金門縣金沙鎮五福街28號1樓,鑫想事成運動彩券行,地圖
嘉義縣,朴子市,嘉義縣朴子市文化北路34號1樓,銀鑽商行,地圖
嘉義縣,中埔鄉,嘉義縣中埔鄉中山路五段870號1樓,新億運動彩券行,地圖
嘉義縣,太保市,嘉義縣太保市中興路一段602號1樓,太保財財運動彩券行,地圖
嘉義縣,水上鄉,嘉義縣水上鄉中興路450號1樓,金牌運彩行,地圖
嘉義縣,新港鄉,嘉義縣新港鄉中山路奉天大廈3號1樓,林衛商店,地圖
嘉義縣,民雄鄉,嘉義縣民雄鄉福樂村埤角2號之79(1樓),大爆發運動彩券行,地圖
嘉義縣,民雄鄉,嘉義縣民雄鄉福樂村埤角559號1樓,日勝運動彩券行,地圖
嘉義縣,大林鎮,嘉義縣大林鎮西林里中興一路7號1樓,百勝運動彩券行,地圖
嘉義縣,新港鄉,嘉義縣新港鄉中山路56號1樓,吉冠運動彩券行,地圖
嘉義縣,中埔鄉,嘉義縣中埔鄉和睦村司公廍4之20號1樓,得冠軍運動彩券行,地圖
嘉義縣,朴子市,嘉義縣朴子市山通路136之2號1樓,黃金地王運動彩券店,地圖
嘉義縣,義竹鄉,嘉義縣義竹鄉六桂村義竹186號1樓,好朋友投注站,地圖
嘉義縣,大林鎮,嘉義縣大林鎮中興路223號1樓,來勝運動彩券行,地圖
嘉義縣,朴子市,嘉義縣朴子市開元路285號1樓,希旺商行,地圖
嘉義縣,民雄鄉,嘉義縣民雄鄉民生路2之3號1樓,玖捌玖運動彩券行,地圖
嘉義縣,朴子市,嘉義縣朴子市海通路60之3、60之4號1樓,壹陸陸運動彩券行,地圖
嘉義縣,新港鄉,嘉義縣新港鄉中山路23號1樓,大贏家運動彩券行,地圖
嘉義縣,民雄鄉,嘉義縣民雄鄉東榮村中樂路13號1樓,全勝運動彩券行,地圖
嘉義縣,布袋鎮,嘉義縣布袋鎮太平東路461號1樓,押對寶運動彩券店,地圖
澎湖縣,馬公市,澎湖縣馬公市光明路2之4號1樓,金路發運動彩券行,地圖
澎湖縣,馬公市,澎湖縣馬公市光明里光復路127號1樓,百富運動彩券行,地圖
澎湖縣,馬公市,澎湖縣馬公市光復路189號1樓,大本運動彩券,地圖
澎湖縣,馬公市,澎湖縣馬公市中正路44號1樓,中正運動彩券,地圖
澎湖縣,馬公市,澎湖縣馬公市光復路223號1樓,澎福運動彩券行,地圖
澎湖縣,馬公市,澎湖縣馬公市光明路19-1號1樓,鈔多多運動彩券,地圖
澎湖縣,馬公市,澎湖縣馬公市三多路202號1樓,好運到運動彩券,地圖
澎湖縣,馬公市,澎湖縣馬公市海埔路21號1樓,億值贏運動彩券行,地圖
澎湖縣,馬公市,澎湖縣馬公市文山路5號1樓,時來運轉運動彩券,地圖
雲林縣,斗六市,雲林縣斗六市石榴路80號1樓,幸福久久運動彩券行,地圖
雲林縣,斗六市,雲林縣斗六市民生路139號1樓,億富運動彩券行,地圖
雲林縣,斗六市,雲林縣斗六市中山路364-1號1樓,報您發運動彩券行,地圖
雲林縣,斗六市,雲林縣斗六市仁義路87號1樓,鑫聯發運動彩券行,地圖
雲林縣,北港鎮,雲林縣北港鎮文化路56-6號1樓,北港運動彩券行,地圖
雲林縣,莿桐鄉,雲林縣莿桐鄉中正路63號1樓,莿桐運彩商行,地圖
雲林縣,麥寮鄉,雲林縣麥寮鄉中山路190號1樓,旺福運動彩券行,地圖
雲林縣,斗六市,雲林縣斗六市中正路32號1樓,賺很大運動彩券行,地圖
雲林縣,虎尾鎮,雲林縣虎尾鎮林森路二段291號1樓,聚萬運動彩券行,地圖
雲林縣,麥寮鄉,雲林縣麥寮鄉麥豐村中山路162號1樓,通發運動彩券行,地圖
雲林縣,古坑鄉,雲林縣古坑鄉中山路163-1號1樓,金牌運動彩券行,地圖
雲林縣,麥寮鄉,雲林縣麥寮鄉中山路407號1樓,福旺運動彩券,地圖
雲林縣,虎尾鎮,雲林縣虎尾鎮立德路5號1樓,立德運動彩券行,地圖
雲林縣,斗六市,雲林縣斗六市北平路30之7號1樓,財富自由運動彩券行,地圖
雲林縣,西螺鎮,雲林縣西螺鎮延平路167號1樓,鴻發運動彩券行,地圖
雲林縣,北港鎮,雲林縣北港鎮文化路168號1樓,億旺運動彩券行,地圖
雲林縣,斗六市,雲林縣斗六市鎮南路212號1樓,海豐運動彩券行,地圖
雲林縣,麥寮鄉,雲林縣麥寮鄉新興路29號1樓,福星運動彩券行,地圖
雲林縣,莿桐鄉,雲林縣莿桐鄉中山路115號1樓,金好過運動彩券行,地圖
雲林縣,土庫鎮,雲林縣土庫鎮建國路166號1樓,錢會來運動彩券行,地圖
雲林縣,斗六市,雲林縣斗六市內環路890號1樓,金福氣運動彩券行,地圖
雲林縣,麥寮鄉,雲林縣麥寮鄉仁德路303號1樓,發發發運動彩券行,地圖
雲林縣,崙背鄉,雲林縣崙背鄉建國路43號1樓,崙發運動彩券行,地圖
雲林縣,斗南鎮,雲林縣斗南鎮中山路46號1樓,一直贏運動彩券行,地圖
雲林縣,麥寮鄉,雲林縣麥寮鄉中興路34號1樓,好運發運動彩券行,地圖
雲林縣,斗六市,雲林縣斗六市信義里太平路10號1樓,中很大運動彩券行,地圖
雲林縣,斗六市,雲林縣斗六市太平路145號1樓,金富豪運動彩券行,地圖
雲林縣,斗六市,雲林縣斗六市萬年路867號1樓,賺起來運動彩券行,地圖
雲林縣,西螺鎮,雲林縣西螺鎮平和南路355號1樓,大利樂運動彩券行,地圖
雲林縣,東勢鄉,雲林縣東勢鄉東勢東路75號1樓,翔發運動彩券行,地圖
雲林縣,斗六市,雲林縣斗六市石榴路222-1號1樓,福貿運動彩券行,地圖
雲林縣,斗六市,雲林縣斗六市上海路265號1樓,好運運動彩券,地圖
雲林縣,斗南鎮,雲林縣斗南鎮延平路二段538號1樓,億贏運動彩券行,地圖
雲林縣,西螺鎮,雲林縣西螺鎮埔心路33號1樓,埔心運動彩券行,地圖
雲林縣,斗南鎮,雲林縣斗南鎮大同路23號1樓,鑫富運動彩券行,地圖
雲林縣,虎尾鎮,雲林縣虎尾鎮民族路105號1樓,勝利運動彩券投注站,地圖
雲林縣,虎尾鎮,雲林縣虎尾鎮民權路67號1樓,錢旺運動彩券行,地圖
雲林縣,斗六市,雲林縣斗六市成功路340號1樓,錢來來運動彩券行,地圖
雲林縣,西螺鎮,雲林縣西螺鎮中山路82號1樓,金永鑫運動彩券行,地圖
雲林縣,大埤鄉,雲林縣大埤鄉南和村南門街34號1樓,豐盛運動彩券行,地圖
雲林縣,斗南鎮,雲林縣斗南鎮大成路29號1樓,包好贏運動彩券行,地圖
雲林縣,斗南鎮,雲林縣斗南鎮中山路132號1樓,上贏錢運動彩券行,地圖
雲林縣,虎尾鎮,雲林縣虎尾鎮德興路7號1樓,上好贏運動彩券行,地圖
雲林縣,斗六市,雲林縣斗六市西平路451號1樓,加倍賺運動彩券行,地圖
雲林縣,北港鎮,雲林縣北港鎮文化路42之18、42之19號1樓,一定贏運動彩券行,地圖
雲林縣,斗南鎮,雲林縣斗南鎮延平路二段447號1樓,恩典運動彩券行,地圖
雲林縣,麥寮鄉,雲林縣麥寮鄉橋頭村橋頭158之1號1樓,橋頭全聯運動彩券行,地圖
雲林縣,斗南鎮,雲林縣斗南鎮大同路257號1樓,好好贏運動彩券行,地圖
新竹縣,新埔鎮,新竹縣新埔鎮中正路268號1樓,立即發運動彩券行,地圖
新竹縣,湖口鄉,新竹縣湖口鄉文化路105號1樓,祥龍運彩商行,地圖
新竹縣,竹北市,新竹縣竹北市自強五路72號1樓,全勝運動彩券行,地圖
新竹縣,新豐鄉,新竹縣新豐鄉泰安街180號1樓,益首發運動彩券行,地圖
新竹縣,新豐鄉,新竹縣新豐鄉建興路一段146之15號1樓,金福氣運動彩券行,地圖
新竹縣,新豐鄉,新竹縣新豐鄉道化街77號1樓,運大財運動彩券行,地圖
新竹縣,竹北市,新竹縣竹北市中正西路230號1樓,全勝發運動彩券行,地圖
新竹縣,竹北市,新竹縣竹北市中正東路138號1樓,錢錢愛我運動彩券行,地圖
新竹縣,湖口鄉,新竹縣湖口鄉鳳凰村中華路72號,通贏運動彩券行,地圖
新竹縣,湖口鄉,新竹縣湖口鄉文化路41號1樓,玩運彩運動彩券,地圖
新竹縣,竹東鎮,新竹縣竹東鎮中豐路二段102號1樓,希繁投注站,地圖
新竹縣,新豐鄉,新竹縣新豐鄉新興路167-7號1樓,錡發運動彩券行,地圖
新竹縣,竹東鎮,新竹縣竹東鎮長春路三段261號1樓,連贏投注站,地圖
新竹縣,竹東鎮,新竹縣竹東鎮長春路一段319號1樓,吉興旺運彩行,地圖
新竹縣,湖口鄉,新竹縣湖口鄉中山路二段201號1樓,發財神運彩行,地圖
新竹縣,芎林鄉,新竹縣芎林鄉文德路31號1樓,珮荃投注站,地圖
新竹縣,竹北市,新竹縣竹北市勝利一路166號1樓,金喜運動彩券行,地圖
新竹縣,竹東鎮,新竹縣竹東鎮東林路99號1樓,運動發投注站,地圖
新竹縣,竹北市,新竹縣竹北市民權街58號1樓,鑫富發運動彩券行,地圖
新竹縣,竹東鎮,新竹縣竹東鎮仁愛路253號1樓,孝恩投注站,地圖
新竹縣,湖口鄉,新竹縣湖口鄉工業一路29號1樓,爆米發運彩行,地圖
新竹縣,新埔鎮,新竹縣新埔鎮中正路718號1樓,關關過運動彩券行,地圖
新竹縣,湖口鄉,新竹縣湖口鄉新興路567號1樓,雙喜運動彩券行,地圖
新竹縣,竹東鎮,新竹縣竹東鎮北興路三段509號1樓,富寶金運彩行,地圖
新竹縣,竹北市,新竹縣竹北市福興東路二段58號1樓,明星運動彩券行,地圖
新竹縣,新豐鄉,新竹縣新豐鄉建興路一段85號1樓,添財旺運動彩券,地圖
新竹縣,新豐鄉,新竹縣新豐鄉中興路195號1樓,東方鼎立運動彩券行,地圖
新竹縣,湖口鄉,新竹縣湖口鄉民權街54-2號1樓,吉興運彩行,地圖
新竹縣,湖口鄉,新竹縣湖口鄉中正路一段3號1樓,中山大發運動彩券,地圖
新竹縣,湖口鄉,新竹縣湖口鄉仁和路139號1樓,仁和運動彩券行,地圖
新竹縣,竹北市,新竹縣竹北市中山路59號1樓,金倍湛運動彩券行,地圖
新竹縣,芎林鄉,新竹縣芎林鄉文衡路429號1樓,旺旺運彩商行,地圖
新竹縣,湖口鄉,新竹縣湖口鄉中正路一段35號1樓,滿荷包運彩商行,地圖
新竹縣,竹北市,新竹縣竹北市中山路12號1樓,六角鑫運動彩券,地圖
新竹縣,竹東鎮,新竹縣竹東鎮長春路二段128號1樓,發財旺運彩商行,地圖
新竹縣,湖口鄉,新竹縣湖口鄉中正路一段84號1樓,發玖玖運彩行,地圖
新竹縣,竹北市,新竹縣竹北市博愛街232號1樓,景順商行,地圖
新竹縣,竹北市,新竹縣竹北市華興街190號1樓,紅金寶商行,地圖
新竹縣,湖口鄉,新竹縣湖口鄉達生路128號1樓,飛錸發運彩商行,地圖
新竹縣,竹北市,新竹縣竹北市嘉興路302號1樓,來即發運動彩券行,地圖
新竹縣,竹北市,新竹縣竹北市中正東路276號1樓,金正旺商行,地圖
新竹縣,竹北市,新竹縣竹北市縣政二路83號1樓,享鉅財運動彩券行,地圖
新竹縣,北埔鄉,新竹縣北埔鄉北埔街58號1樓,連發中運彩商行,地圖
新竹縣,竹北市,新竹縣竹北市博愛街347號1樓,金好發運動彩券行,地圖
新竹縣,竹北市,新竹縣竹北市東興路一段941號1樓,億財運彩行,地圖
新竹縣,關西鎮,新竹縣關西鎮中山路37號1樓,金元寶運彩行,地圖
新竹縣,新豐鄉,新竹縣新豐鄉建興路二段821號1樓,旺民興運彩商行,地圖
新竹縣,竹東鎮,新竹縣竹東鎮東峰路26號1樓,包你發運動彩,地圖
新竹縣,竹北市,新竹縣竹北市博愛街204號1樓,過關達人運彩商行,地圖
新竹縣,寶山鄉,新竹縣寶山鄉雙園路二段415號1樓,金來發運彩商行,地圖
新竹縣,湖口鄉,新竹縣湖口鄉光復東路193號1樓,伍銡發運彩商行,地圖
新竹縣,竹北市,新竹縣竹北市博愛街503號1樓,財神降臨運動彩券行,地圖
新竹縣,湖口鄉,新竹縣湖口鄉文化路66號1樓,金福星運動彩券行,地圖
新竹縣,竹北市,新竹縣竹北市光明三路30號1樓,踴躍運動彩券行,地圖
新竹縣,竹東鎮,新竹縣竹東鎮龍鳳路1號1樓,大獲全勝運動彩券行,地圖
新竹縣,湖口鄉,新竹縣湖口鄉民富街15號1樓,金多錢運動彩券行,地圖
新竹縣,竹東鎮,新竹縣竹東鎮大同路101號1樓,勝利一零一投注站,地圖
新竹縣,湖口鄉,新竹縣湖口鄉仁和路99號1樓,飛來發運彩商行,地圖
苗栗縣,苗栗市,苗栗縣苗栗市自治路389號1樓,太旺了運彩行,地圖
苗栗縣,竹南鎮,苗栗縣竹南鎮民族街35號1樓,冠軍之家運動彩券行,地圖
苗栗縣,通霄鎮,苗栗縣通霄鎮中正路38號1樓,就是贏運動彩券,地圖
苗栗縣,頭份市,苗栗縣頭份市中華路1083號1樓,必勝運動彩券行,地圖
苗栗縣,竹南鎮,苗栗縣竹南鎮中華路133號1樓,萊就發運動彩券行,地圖
苗栗縣,通霄鎮,苗栗縣通霄鎮福德路77號1樓,達千倍運動彩券行,地圖
苗栗縣,竹南鎮,苗栗縣竹南鎮和平街106號1樓,有球必贏投注站,地圖
苗栗縣,頭份市,苗栗縣頭份市建國路二段314號1樓,銓發運動彩券行,地圖
苗栗縣,銅鑼鄉,苗栗縣銅鑼鄉中正路185號1樓,保大獎運動商行,地圖
苗栗縣,後龍鎮,苗栗縣後龍鎮中華路154之5號1樓,鴻吉運動彩券行,地圖
苗栗縣,苑裡鎮,苗栗縣苑裡鎮和平路13號1樓,贏千倍運動彩券行,地圖
苗栗縣,苑裡鎮,苗栗縣苑裡鎮中正里中正102之21號1樓,王子運彩投注站,地圖
苗栗縣,苗栗市,苗栗縣苗栗市忠孝路7號1樓,金穩贏運動彩券行,地圖
苗栗縣,竹南鎮,苗栗縣竹南鎮博愛街88號,來得富彩券行,地圖
苗栗縣,頭份市,苗栗縣頭份市中正路223之1號,包贏運動彩券行,地圖
苗栗縣,竹南鎮,苗栗縣竹南鎮龍山路二段47號1樓,包金運動彩券行,地圖
苗栗縣,竹南鎮,苗栗縣竹南鎮光復路242號1樓,樂樂發運動彩券行,地圖
苗栗縣,竹南鎮,苗栗縣竹南鎮仁愛路673號1樓,睿嶸彩券行,地圖
苗栗縣,頭份市,苗栗縣頭份市建國路201號1樓,大聯盟運動投注站,地圖
苗栗縣,竹南鎮,苗栗縣竹南鎮中華路113號1樓,龍鳳運動彩券行,地圖
苗栗縣,頭份市,苗栗縣頭份市和平路53號1樓,鴻運運動彩券行,地圖
苗栗縣,頭份市,苗栗縣頭份市中華路890-1號,運動家彩券行,地圖
苗栗縣,後龍鎮,苗栗縣後龍鎮中山路102號1樓,天使運動彩券行,地圖
苗栗縣,竹南鎮,苗栗縣竹南鎮龍山路一段217號,鑫發運動彩券行,地圖
苗栗縣,後龍鎮,苗栗縣後龍鎮中正路10號,贏到爆運動彩券,地圖
苗栗縣,苗栗市,苗栗縣苗栗市光復路50號1樓,包中運動彩券行,地圖
苗栗縣,公館鄉,苗栗縣公館鄉大同路120號1樓,會捷投注站,地圖
苗栗縣,頭份市,苗栗縣頭份市信東路91號1樓,玖壹發運彩行,地圖
苗栗縣,竹南鎮,苗栗縣竹南鎮延平路158號,上華商行,地圖
苗栗縣,苗栗市,苗栗縣苗栗市中正路529號1樓,大苗栗彩券行,地圖
苗栗縣,頭份市,苗栗縣頭份市文化街261號1樓,祥旺運動彩券投注站,地圖
苗栗縣,苗栗市,苗栗縣苗栗市中正路423號1樓,星燿運彩行,地圖
苗栗縣,苑裡鎮,苗栗縣苑裡鎮山腳里10鄰256號1樓,上千倍運動彩券行,地圖
苗栗縣,頭份市,苗栗縣頭份市和平里中正路68號1樓,強棒出擊運動彩券行,地圖
苗栗縣,頭份市,苗栗縣頭份市自強路二段490號1樓,陽光之星運動彩券商行,地圖
苗栗縣,公館鄉,苗栗縣公館鄉大同路140號1樓,福爾摩沙運動彩券行,地圖
苗栗縣,苗栗市,苗栗縣苗栗市中正路629號1樓,連贏運動彩券行,地圖
宜蘭縣,宜蘭市,宜蘭縣宜蘭市文化路79-2號1樓,一二九運動彩券行,地圖
宜蘭縣,羅東鎮,宜蘭縣羅東鎮民權路58號1樓,民權運動彩投注行,地圖
宜蘭縣,宜蘭市,宜蘭縣宜蘭市新民路128號1樓,廣權運動投注行,地圖
宜蘭縣,羅東鎮,宜蘭縣羅東鎮中正北路153號1樓,穩贏運動彩券行,地圖
宜蘭縣,宜蘭市,宜蘭縣宜蘭市復興路二段10號1樓,鑫旺運動彩券行,地圖
宜蘭縣,羅東鎮,宜蘭縣羅東鎮南昌東街35號1樓,萬富運動彩券行,地圖
宜蘭縣,宜蘭市,宜蘭縣宜蘭市新民路28號1樓,翻倍中運動彩券行,地圖
宜蘭縣,羅東鎮,宜蘭縣羅東鎮興東路8號1樓,滿貫砲運動彩券行,地圖
宜蘭縣,宜蘭市,宜蘭縣宜蘭市慈安路12號1樓,金富億運彩行,地圖
宜蘭縣,員山鄉,宜蘭縣員山鄉員山路一段250號1樓,常勝運動彩券行,地圖
宜蘭縣,礁溪鄉,宜蘭縣礁溪鄉中山路二段67號1樓,發財運動彩券行,地圖
宜蘭縣,五結鄉,宜蘭縣五結鄉利成路二段358號1樓,千富運動彩券行,地圖
宜蘭縣,冬山鄉,宜蘭縣冬山鄉義成路三段372號1樓,臻樂運動彩券行,地圖
宜蘭縣,頭城鎮,宜蘭縣頭城鎮開蘭路146號1樓,關關過運動彩券行,地圖
宜蘭縣,羅東鎮,宜蘭縣羅東鎮南門路19號1樓,錦樂運動彩券行,地圖
宜蘭縣,礁溪鄉,宜蘭縣礁溪鄉中山路二段153號1樓,強棒出擊運動彩券行,地圖
宜蘭縣,羅東鎮,宜蘭縣羅東鎮中山路四段246號1樓,欣新運動彩券行,地圖
宜蘭縣,蘇澳鎮,宜蘭縣蘇澳鎮中山路一段191之1號1樓,踴樂運動彩券行,地圖
宜蘭縣,羅東鎮,宜蘭縣羅東鎮中正路81號1樓,高升運動彩券行,地圖
宜蘭縣,宜蘭市,宜蘭縣宜蘭市中山路二段306號1樓,大家贏運動彩券行,地圖
宜蘭縣,宜蘭市,宜蘭縣宜蘭市舊城北路24-1號1樓,大滿貫彩券行,地圖
宜蘭縣,羅東鎮,宜蘭縣羅東鎮忠孝路2號1樓,歡喜運動彩券行,地圖
宜蘭縣,宜蘭市,宜蘭縣宜蘭市泰山路146號1樓,強棒彩券行,地圖
宜蘭縣,冬山鄉,宜蘭縣冬山鄉義成路三段409號1樓,大聯盟運動彩券行,地圖
宜蘭縣,羅東鎮,宜蘭縣羅東鎮民權路92號1樓,達樂運動彩券行,地圖
宜蘭縣,宜蘭市,宜蘭縣宜蘭市女中路三段18號1樓,不敗運動彩券行,地圖
宜蘭縣,宜蘭市,宜蘭縣宜蘭市復興路二段252號1樓,永發運動彩券行,地圖
宜蘭縣,宜蘭市,宜蘭縣宜蘭市新民路41號1樓,小幸運運動彩券行,地圖
宜蘭縣,礁溪鄉,宜蘭縣礁溪鄉中山路二段125號1樓,錩樂運動彩券行,地圖
宜蘭縣,羅東鎮,宜蘭縣羅東鎮中山路四段418號1樓,燁樂運動彩券行,地圖
宜蘭縣,宜蘭市,宜蘭縣宜蘭市女中路二段401號1樓,圓滿運動彩券行,地圖
宜蘭縣,五結鄉,宜蘭縣五結鄉五結路二段455號1樓,威尼斯運動彩券行,地圖
宜蘭縣,冬山鄉,宜蘭縣冬山鄉冬山路67號1樓,穩鑽運動彩券行,地圖
宜蘭縣,蘇澳鎮,宜蘭縣蘇澳鎮漁港路95號1樓,明燈運動彩券行,地圖
宜蘭縣,壯圍鄉,宜蘭縣壯圍鄉壯五路268號1樓,得分王運動彩券行,地圖
宜蘭縣,五結鄉,宜蘭縣五結鄉利成路二段362號1樓,蕙得運動彩券行,地圖
宜蘭縣,宜蘭市,宜蘭縣宜蘭市中山路三段189號1樓,穩鴻運動彩券行,地圖
宜蘭縣,宜蘭市,宜蘭縣宜蘭市中華路82號1樓,高手運動彩券行,地圖
宜蘭縣,蘇澳鎮,宜蘭縣蘇澳鎮中山路一段129-2號1樓,湧錢運動彩券行,地圖
宜蘭縣,礁溪鄉,宜蘭縣礁溪鄉中山路二段39號1樓,金旺運動彩券行,地圖
宜蘭縣,五結鄉,宜蘭縣五結鄉五結路三段743號1樓,吉富運動彩券行,地圖
宜蘭縣,宜蘭市,宜蘭縣宜蘭市文昌路45號1樓,彩寶運動彩券行,地圖
宜蘭縣,礁溪鄉,宜蘭縣礁溪鄉中山路一段215號1樓,大獎該你得運動彩券行,地圖
宜蘭縣,冬山鄉,宜蘭縣冬山鄉冬山路3號1樓,匯旺運動彩券行,地圖
宜蘭縣,羅東鎮,宜蘭縣羅東鎮民權路90號1樓,營權運動彩券行,地圖
宜蘭縣,宜蘭市,宜蘭縣宜蘭市健康路二段136號1樓,大發運動彩券行,地圖
宜蘭縣,礁溪鄉,宜蘭縣礁溪鄉礁溪路一段220號1樓,隆達運動彩券行,地圖
宜蘭縣,礁溪鄉,宜蘭縣礁溪鄉中山路一段110號1樓,勝投王彩券行,地圖
宜蘭縣,宜蘭市,宜蘭縣宜蘭市慈安路41之9號1樓,全聯發運彩行,地圖
宜蘭縣,五結鄉,宜蘭縣五結鄉五結路二段345號1樓,五億運動彩券行,地圖
宜蘭縣,羅東鎮,宜蘭縣羅東鎮復興路二段201號1樓,山水運動彩券行,地圖
宜蘭縣,冬山鄉,宜蘭縣冬山鄉冬山路五段337、339號1樓,來就勝運動彩券行,地圖
宜蘭縣,羅東鎮,宜蘭縣羅東鎮公正路48-1號1樓,七億運動彩券行,地圖
南投縣,南投市,南投縣南投市公園南街25號1樓,加樂運彩行,地圖
南投縣,南投市,南投縣南投市成功三路273、275號1樓,金鑽運彩行,地圖
南投縣,草屯鎮,南投縣草屯鎮敦和路9之2號1樓,大贏家運動彩券行,地圖
南投縣,南投市,南投縣南投市彰南路三段280號1樓,轟運動運彩行,地圖
南投縣,水里鄉,南投縣水里鄉民生路386號1樓,鑫水里運動彩券行,地圖
南投縣,南投市,南投縣南投市三和一路28號1樓,爆發力運動彩券,地圖
南投縣,竹山鎮,南投縣竹山鎮菜園路15號1樓,運滿貫運動彩券行,地圖
南投縣,埔里鎮,南投縣埔里鎮北環路32號1樓,財運旺運動彩券行,地圖
南投縣,南投市,南投縣南投市彰南路二段64號1樓,鑫旺運彩投注站,地圖
南投縣,埔里鎮,南投縣埔里鎮中正路313號1樓,大利來運動彩券行,地圖
南投縣,埔里鎮,南投縣埔里鎮中正路476號1樓,鴻億彩券行,地圖
南投縣,南投市,南投縣南投市南陽路92號1樓,大強棒運動彩券行,地圖
南投縣,草屯鎮,南投縣草屯鎮中正路288之36號1樓,紅翻天運動彩券行,地圖
南投縣,草屯鎮,南投縣草屯鎮太平路一段421號1樓,億來富運動彩券行,地圖
南投縣,草屯鎮,南投縣草屯鎮碧山路757之1號1樓,財旺運動彩券行,地圖
南投縣,竹山鎮,南投縣竹山鎮大明路253號1樓,富億運動彩券行,地圖
南投縣,埔里鎮,南投縣埔里鎮中山路三段164號1樓,鑫來旺運動彩券行,地圖
南投縣,草屯鎮,南投縣草屯鎮建國街12號1樓,勤來發運動彩券行,地圖
南投縣,名間鄉,南投縣名間鄉南雅街45號1樓,參伍批運動彩券行,地圖
南投縣,南投市,南投縣南投市復興路97號1樓,建成運動彩券行,地圖
南投縣,南投市,南投縣南投市公園街124號1樓,清輝運動彩券行,地圖
南投縣,草屯鎮,南投縣草屯鎮中山街216號1樓,草屯財財運動彩券行,地圖
南投縣,埔里鎮,南投縣埔里鎮忠孝路172號1樓,鑫來爺運動彩券行,地圖
南投縣,埔里鎮,南投縣埔里鎮枇杷里和平東路5號1樓,慧溋運動彩券行,地圖
南投縣,埔里鎮,南投縣埔里鎮中山路二段347號1樓,千百樂運動彩券,地圖
彰化縣,鹿港鎮,彰化縣鹿港鎮景福里民權路111號1樓,蘭姊運動彩券行,地圖
彰化縣,彰化市,彰化縣彰化市彰南路二段145號1樓,入金運動彩券行,地圖
彰化縣,二林鎮,彰化縣二林鎮斗苑路四段657號1樓,原祥運動彩券行,地圖
彰化縣,二林鎮,彰化縣二林鎮南安路61號1樓,金莎運動彩券行,地圖
彰化縣,和美鎮,彰化縣和美鎮彰新路二段149號1樓,佾昌企業行,地圖
彰化縣,北斗鎮,彰化縣北斗鎮斗苑路一段304號1樓,全能運動彩券行,地圖
彰化縣,員林市,彰化縣員林市浮圳路二段186號1樓,惠贏彩券行,地圖
彰化縣,田尾鄉,彰化縣田尾鄉中山路一段360號,紅不讓運動彩券行,地圖
彰化縣,田中鎮,彰化縣田中鎮南北街188號1樓,禾家運彩行,地圖
彰化縣,花壇鄉,彰化縣花壇鄉中正路21號1樓,大河運動彩券行,地圖
彰化縣,彰化市,彰化縣彰化市華山路2號1樓,大富豪運動彩券行,地圖
彰化縣,永靖鄉,彰化縣永靖鄉中山路一段883號1樓,全民運動彩券行,地圖
彰化縣,彰化市,彰化縣彰化市金馬路三段131號1樓,鈜發運動彩券行,地圖
彰化縣,彰化市,彰化縣彰化市永安街151號1樓,包你發商行,地圖
彰化縣,彰化市,彰化縣彰化市中正路一段218號1樓,梟狼世界盃二十四運彩店,地圖
彰化縣,和美鎮,彰化縣和美鎮德美路636號1樓,錸就發運動彩券行,地圖
彰化縣,社頭鄉,彰化縣社頭鄉清水岩路406之3號1樓,就愛運動彩券行,地圖
彰化縣,彰化市,彰化縣彰化市中山路一段359號1樓,世界盃運動彩券行,地圖
彰化縣,伸港鄉,彰化縣伸港鄉新港村中山路99號1樓,億來發運動彩券行,地圖
彰化縣,北斗鎮,彰化縣北斗鎮光復里斗苑路一段156號1樓,新永勝投注站,地圖
彰化縣,社頭鄉,彰化縣社頭鄉員集路2段132號1樓,金仟億運彩行,地圖
彰化縣,和美鎮,彰化縣和美鎮彰美路六段197號1樓,年富億年商行,地圖
彰化縣,和美鎮,彰化縣和美鎮彰美路五段376號1樓,章美運彩行,地圖
彰化縣,永靖鄉,彰化縣永靖鄉西門路69號1樓,熊讚運動彩券行,地圖
彰化縣,和美鎮,彰化縣和美鎮和頭路8號1樓,大吉利運動彩券行,地圖
彰化縣,彰化市,彰化縣彰化市長順街146號1樓,胖哥運動彩券行,地圖
彰化縣,鹿港鎮,彰化縣鹿港鎮中山路34號1樓,今賀運動彩券行,地圖
彰化縣,彰化市,彰化縣彰化市彰鹿路104之7號1樓,振源彩券行,地圖
彰化縣,員林市,彰化縣員林市民生路111、臨113號1樓,鑫冠均運動彩券,地圖
彰化縣,二林鎮,彰化縣二林鎮仁愛路353號1樓,仁愛運動彩券行,地圖
彰化縣,彰化市,彰化縣彰化市彰水路84號1樓,勁錸發運動彩券行,地圖
彰化縣,彰化市,彰化縣彰化市中正路二段153號1樓,好運來運動彩券行,地圖
彰化縣,鹿港鎮,彰化縣鹿港鎮鹿東路36號1樓,巧虎運動彩券行,地圖
彰化縣,員林市,彰化縣員林市南昌路30號1樓,富頎運動彩券行,地圖
彰化縣,員林市,彰化縣員林市員水路二段517號1樓,富貴多多運動彩券行,地圖
彰化縣,彰化市,彰化縣彰化市光復路155號1樓,六合運動彩券行,地圖
彰化縣,北斗鎮,彰化縣北斗鎮斗苑路二段18號1樓,就愛瘋運動彩券行,地圖
彰化縣,和美鎮,彰化縣和美鎮彰美路五段286號1樓,囍臨門商行,地圖
彰化縣,鹿港鎮,彰化縣鹿港鎮民族路217號1樓,勁賀運動彩券行,地圖
彰化縣,員林市,彰化縣員林市新義街193號1樓,尚嘉運動彩券行,地圖
彰化縣,員林市,彰化縣員林市大同路二段197號1樓,興全福順運彩行,地圖
彰化縣,彰化市,彰化縣彰化市彰新路一段38號1樓,彰新運動彩券行,地圖
彰化縣,員林市,彰化縣員林市中山路一段543號1樓,中山運動彩券行,地圖
彰化縣,和美鎮,彰化縣和美鎮鹿和路六段439號1樓,幸福來運動彩券行,地圖
彰化縣,福興鄉,彰化縣福興鄉西勢村員鹿路二段205號1樓,全勝運動彩券行,地圖
彰化縣,員林市,彰化縣員林市三民街99.101號1樓,富安運動彩券行,地圖
彰化縣,二林鎮,彰化縣二林鎮儒林路二段251號1樓,億路發商行,地圖
彰化縣,北斗鎮,彰化縣北斗鎮復興路371號1樓,鑫永旺運彩行,地圖
彰化縣,田中鎮,彰化縣田中鎮中正路577號1樓,金穩豐來發運彩行,地圖
彰化縣,溪湖鎮,彰化縣溪湖鎮彰水路四段380號,金牌運動彩券行,地圖
彰化縣,彰化市,彰化縣彰化市華山路23號1樓,旺永發運彩行,地圖
彰化縣,彰化市,彰化縣彰化市自強南路42號1樓,禾溢運動彩券行,地圖
彰化縣,花壇鄉,彰化縣花壇鄉花壇街189號1樓,高通運動彩券行,地圖
彰化縣,彰化市,彰化縣彰化市民族路420號1樓,盈順商行,地圖
彰化縣,彰化市,彰化縣彰化市自強路177號1樓,今順利運動彩券商行,地圖
彰化縣,彰化市,彰化縣彰化市和平路94、96號1樓,響亮運動彩券行,地圖
彰化縣,彰化市,彰化縣彰化市自強路34號1樓,旺來旺彩券行,地圖
彰化縣,彰化市,彰化縣彰化市華山路219號1樓,運發彩券行,地圖
彰化縣,北斗鎮,彰化縣北斗鎮斗苑路一段135號1樓,大滿貫運彩投注站,地圖
彰化縣,員林市,彰化縣員林市育英路130號1樓,廣宬運動彩券行,地圖
彰化縣,員林市,彰化縣員林市員集路二段465號1樓,榮發財運動彩券行,地圖
彰化縣,彰化市,彰化縣彰化市成功路104號1樓,億萬富翁運動彩券行,地圖
彰化縣,彰化市,彰化縣彰化市彰南路一段286號1樓,金滿溢運動彩券行,地圖
彰化縣,彰化市,彰化縣彰化市大埔路376號1樓,金足愛運動彩券行,地圖
彰化縣,大村鄉,彰化縣大村鄉中正西路331-4號1樓,大富運動彩券行,地圖
彰化縣,彰化市,彰化縣彰化市大埔路570號1樓,過關斬將運動商行,地圖
彰化縣,員林市,彰化縣員林市育英路199號1樓,乙根運動彩券,地圖
彰化縣,福興鄉,彰化縣福興鄉萬豐村彰水路190號1樓,見發運動彩券行,地圖
彰化縣,彰化市,彰化縣彰化市大同里民生路145號1樓,彩運通運彩行,地圖
彰化縣,員林市,彰化縣員林市靜修路52-10號1樓,贏宬運動彩券行,地圖
彰化縣,溪湖鎮,彰化縣溪湖鎮西環路598號1樓,金滿億運動彩券,地圖
彰化縣,員林市,彰化縣員林市中山路二段10號1樓,伍益彩券行,地圖
彰化縣,社頭鄉,彰化縣社頭鄉社斗路一段428號1樓,強生運動彩券行,地圖
彰化縣,彰化市,彰化縣彰化市中正路一段313號1樓,金吉利運動彩券行,地圖
彰化縣,花壇鄉,彰化縣花壇鄉彰員路一段588號1樓,致勝運動彩券行,地圖
彰化縣,埔心鄉,彰化縣埔心鄉中正路一段292號1樓,興鑫鑫來運彩行,地圖
彰化縣,和美鎮,彰化縣和美鎮和卿路17號1樓,金發樂運動彩券行,地圖
彰化縣,員林市,彰化縣員林市山腳路四段15號1樓,興榮澄運彩行,地圖
彰化縣,員林市,彰化縣員林市新生路333號1樓,興大贏家運彩行,地圖
彰化縣,永靖鄉,彰化縣永靖鄉開明路93號1樓,程億運動彩券,地圖
彰化縣,員林市,彰化縣員林市三民東街280號1樓,益萬富翁運動彩券行,地圖
彰化縣,大村鄉,彰化縣大村鄉茄苳路一段32號1樓,全順鑫運彩行,地圖
彰化縣,鹿港鎮,彰化縣鹿港鎮後寮巷79之2號1樓,金貴貴運動彩券行,地圖
彰化縣,秀水鄉,彰化縣秀水鄉彰水路二段623號1樓,壹陸捌商行,地圖
彰化縣,員林市,彰化縣員林市南昌路76號1樓,好運旺旺運動彩券行,地圖
彰化縣,員林市,彰化縣員林市惠來里中山路一段478號1樓,勇來發運動彩券行,地圖
彰化縣,員林市,彰化縣員林市大同路一段400號1樓,金大同運彩行,地圖
彰化縣,員林市,彰化縣員林市中正路370號1樓,福運運動彩券行,地圖
彰化縣,員林市,彰化縣員林市中山路二段233號1樓,金包贏運動彩券,地圖
彰化縣,員林市,彰化縣員林市中山路二段70號1樓,鑫吉發運動彩券,地圖
花蓮縣,吉安鄉,花蓮縣吉安鄉建國路二段183號1樓,廷勝運動彩券投注站,地圖
花蓮縣,吉安鄉,花蓮縣吉安鄉吉安路一段3號1樓,賺飽飽運動彩券行,地圖
花蓮縣,吉安鄉,花蓮縣吉安鄉自強路37號1樓,全壘打投注站,地圖
花蓮縣,花蓮市,花蓮縣花蓮市中華路112號1樓,高手運動彩券投注站,地圖
花蓮縣,玉里鎮,花蓮縣玉里鎮光復路96號1樓,一級棒運彩行,地圖
花蓮縣,花蓮市,花蓮縣花蓮市中福路241號1樓,發達運動彩券行,地圖
花蓮縣,花蓮市,花蓮縣花蓮市建國路220號1樓,天策運動彩券,地圖
花蓮縣,花蓮市,花蓮縣花蓮市進豐街88號1樓,廟口運動彩券行,地圖
花蓮縣,花蓮市,花蓮縣花蓮市中正路36號1樓,金財神發投注站,地圖
花蓮縣,花蓮市,花蓮縣花蓮市化道路224號1樓,盜壘王投注站,地圖
花蓮縣,花蓮市,花蓮縣花蓮市中華路85號1樓,強棒出擊運動彩券行,地圖
花蓮縣,瑞穗鄉,花蓮縣瑞穗鄉中正北路一段21號1樓,天寶運動彩券行,地圖
花蓮縣,花蓮市,花蓮縣花蓮市中山路220號1樓,冠軍運動彩券投注站,地圖
花蓮縣,新城鄉,花蓮縣新城鄉北埔村北埔路245號1樓,運動視家彩券行,地圖
花蓮縣,花蓮市,花蓮縣花蓮市和平路486號1樓,運動家運動彩券投注站,地圖
花蓮縣,花蓮市,花蓮縣花蓮市國民九街9號1樓,金得棒運動彩券,地圖
花蓮縣,花蓮市,花蓮縣花蓮市民權路189之6號1樓,蒙福運動彩券,地圖
花蓮縣,吉安鄉,花蓮縣吉安鄉中山路二段122號1樓,想瑩商行,地圖
花蓮縣,吉安鄉,花蓮縣吉安鄉中華路二段218號1樓,鼎富運動彩券行,地圖
花蓮縣,吉安鄉,花蓮縣吉安鄉自強路505號1樓,第一家運動彩券行,地圖
花蓮縣,玉里鎮,花蓮縣玉里鎮和平路68號1樓,頭獎運動彩券行,地圖
花蓮縣,吉安鄉,花蓮縣吉安鄉中華路二段181號1樓,週潤發運動彩券,地圖
屏東縣,潮州鎮,屏東縣潮州鎮永德路79號1樓,至尊運動彩券行,地圖
屏東縣,高樹鄉,屏東縣高樹鄉南興路186號1樓,致富運動彩券行,地圖
屏東縣,枋寮鄉,屏東縣枋寮鄉中山路二段316號1樓,潮發運動彩券行,地圖
屏東縣,內埔鄉,屏東縣內埔鄉南寧路116-2號1樓,萬豪運動彩券行,地圖
屏東縣,屏東市,屏東縣屏東市博愛路217號1樓,百亨運動彩券行,地圖
屏東縣,恆春鎮,屏東縣恆春鎮中正路101號1樓,博彩運動彩券行,地圖
屏東縣,屏東市,屏東縣屏東市勝利路188號1樓,大贏家運動彩券行,地圖
屏東縣,潮州鎮,屏東縣潮州鎮育英路22-3號1樓,好運到運動彩券行,地圖
屏東縣,屏東市,屏東縣屏東市建豐路323號1樓,豪獎運動彩券行,地圖
屏東縣,內埔鄉,屏東縣內埔鄉文化路396號1樓,慶雙贏運動彩券行,地圖
屏東縣,屏東市,屏東縣屏東市大武路117號1樓,來博運動彩券行,地圖
屏東縣,潮州鎮,屏東縣潮州鎮中山路102號1樓,金威力運動彩券行,地圖
屏東縣,屏東市,屏東縣屏東市自由路504-1號1樓,特吉生投注站,地圖
屏東縣,東港鎮,屏東縣東港鎮中正路149號1樓,飛達運動彩券行,地圖
屏東縣,東港鎮,屏東縣東港鎮中正路13號1樓,東東鏘運動彩券行,地圖
屏東縣,屏東市,屏東縣屏東市勝利路244之3號1樓,全壘打運動彩券行,地圖
屏東縣,九如鄉,屏東縣九如鄉維新街21號1樓,鐵過關運動彩券行,地圖
屏東縣,內埔鄉,屏東縣內埔鄉中勝路310號1樓,亮鑫鑫運動彩券行,地圖
屏東縣,鹽埔鄉,屏東縣鹽埔鄉維新路132號1樓,金強運運動彩券行,地圖
屏東縣,屏東市,屏東縣屏東市建民路54號1樓,億讚運動彩券行,地圖
屏東縣,枋寮鄉,屏東縣枋寮鄉中興路11-1號1樓,雄讚運動彩券行,地圖
屏東縣,屏東市,屏東縣屏東市林森路39之3號1樓,隆億中運動彩券行,地圖
屏東縣,屏東市,屏東縣屏東市棒球路56號1樓,金萬隆運動彩券行,地圖
屏東縣,新園鄉,屏東縣新園鄉仙吉路67之4號1樓,錢來運運動彩券行,地圖
屏東縣,萬丹鄉,屏東縣萬丹鄉萬丹路一段169號1樓,一級棒運動彩券行,地圖
屏東縣,屏東市,屏東縣屏東市復興南路一段378號,金萬豪運動彩券行,地圖
屏東縣,內埔鄉,屏東縣內埔鄉中山路331號1樓,猛過關運動彩券行,地圖
屏東縣,東港鎮,屏東縣東港鎮中正路二段100號1樓,穩過關運動彩券行,地圖
屏東縣,屏東市,屏東縣屏東市香揚巷251號1樓,鑫運發運動彩券行,地圖
屏東縣,林邊鄉,屏東縣林邊鄉中林路2-1號1樓,金暢運動彩券行,地圖
屏東縣,里港鄉,屏東縣里港鄉大平村仁和路35號1樓,豪讚運動彩券行,地圖
屏東縣,里港鄉,屏東縣里港鄉大平村中山路33號1樓,晶鑽運動彩券行,地圖
屏東縣,東港鎮,屏東縣東港鎮東隆街21之3號1樓,鑫好運運動彩券行,地圖
屏東縣,潮州鎮,屏東縣潮州鎮興隆路157號1樓,過五關運動彩券行,地圖
屏東縣,南州鄉,屏東縣南州鄉三民路104之1號1樓,飛凡運動彩券行,地圖
屏東縣,屏東市,屏東縣屏東市中正路314號1樓,百戰百勝運動彩券行,地圖
屏東縣,東港鎮,屏東縣東港鎮中正路187號1樓,豐連記運動彩券行,地圖
屏東縣,屏東市,屏東縣屏東市大連路15之2號1樓,大獲全勝運動彩券行,地圖
屏東縣,屏東市,屏東縣屏東市崇蘭里自由路602號1樓,新義盛運動彩券行,地圖
屏東縣,屏東市,屏東縣屏東市復興路117號1樓,多中運動彩券行,地圖
屏東縣,恆春鎮,屏東縣恆春鎮中正路94號1樓,利多運動彩券行,地圖
屏東縣,屏東市,屏東縣屏東市中正路558號1樓,必勝運動彩券行,地圖
屏東縣,屏東市,屏東縣屏東市公園東路73號1樓,勝利過運動彩券行,地圖
屏東縣,萬巒鄉,屏東縣萬巒鄉中正路54號1樓,金彩運動彩券行,地圖
屏東縣,佳冬鄉,屏東縣佳冬鄉中山路113號1樓,聖杯運動彩券行,地圖
屏東縣,屏東市,屏東縣屏東市林森路40-11號1樓,開運運動彩券行,地圖
屏東縣,屏東市,屏東縣屏東市棒球路85號1樓,金博彩運動彩券行,地圖
屏東縣,長治鄉,屏東縣長治鄉潭頭路192-6號1樓,金雙贏運動彩券行,地圖
屏東縣,屏東市,屏東縣屏東市民族路295號1樓,紅不讓運動彩券行,地圖
屏東縣,麟洛鄉,屏東縣麟洛鄉麟趾村中山路409號1樓,八關全過運動彩券行,地圖
屏東縣,東港鎮,屏東縣東港鎮長春二路12號1樓,鑫威力運動彩券行,地圖
屏東縣,屏東市,屏東縣屏東市瑞光里民生路31-11號1樓,強棒過關運動彩券行,地圖
屏東縣,鹽埔鄉,屏東縣鹽埔鄉光復路46號1樓,金宏旺彩券行,地圖
屏東縣,車城鄉,屏東縣車城鄉福安路49號1樓,錢坤運動彩券行,地圖
屏東縣,萬丹鄉,屏東縣萬丹鄉萬丹路一段361號1樓,全富運動彩券行,地圖
屏東縣,麟洛鄉,屏東縣麟洛鄉中正路29號1樓,金豪氣運動彩券行,地圖
屏東縣,潮州鎮,屏東縣潮州鎮延平路189號1樓,星耀彩券行,地圖
屏東縣,枋寮鄉,屏東縣枋寮鄉中山路247號1樓,星輝商行,地圖
屏東縣,長治鄉,屏東縣長治鄉中興路408號1樓,好過關運動彩券行,地圖
屏東縣,潮州鎮,屏東縣潮州鎮中山路110號1樓,樂得勝運動彩券行,地圖
屏東縣,潮州鎮,屏東縣潮州鎮中山路128-3號1樓,來財運動彩券,地圖
台南市,中西區,台南市中西區公園路93號1樓,玖六運動彩券行,地圖
台南市,中西區,台南市中西區民生路二段7號1樓,飛騰運動彩券行,地圖
台南市,東區,台南市東區崇德路447號1樓,億欣運動彩券投注站,地圖
台南市,東區,台南市東區仁和路91-2號1樓,文藝運動彩券行,地圖
台南市,東區,台南市東區崇德路396號1樓,金賀運動彩券行,地圖
台南市,中西區,台南市中西區友愛街185號1樓,飛來旺運動彩券,地圖
台南市,安南區,台南市安南區海佃路一段332號1樓,好彩球運動彩券行,地圖
台南市,南區,台南市南區大同路二段136巷1號1樓,福寶運動彩券,地圖
台南市,北區,台南市北區北門路二段575號1樓,第一名運動彩券行,地圖
台南市,安南區,台南市安南區海佃路一段235號1樓,富商運動彩券行,地圖
台南市,東區,台南市東區林森路二段127號1樓,喜美運彩行,地圖
台南市,北區,台南市北區小東路307巷36號1樓,金星運動彩券行,地圖
台南市,安南區,台南市安南區安和路三段47號1樓,第一運動彩券行,地圖
台南市,東區,台南市東區生產路498號1樓,至富運動彩券行,地圖
台南市,安南區,台南市安南區海佃路三段356號1樓,(金雙)贏運動彩券,地圖
台南市,南區,台南市南區金華路一段266號,全都過運彩行,地圖
台南市,東區,台南市東區生產路275號1樓,莊嘉運動彩券行,地圖
台南市,北區,台南市北區文賢路359號1樓,全盈運動彩券行,地圖
台南市,中西區,台南市中西區府前路一段156號1樓,破風運動彩券,地圖
台南市,北區,台南市北區和緯路五段42號1樓,大撈家運動彩券,地圖
台南市,安南區,台南市安南區安和路一段171號1樓,好球運彩行,地圖
台南市,北區,台南市北區公園路563號1樓,九點二億彩券行,地圖
台南市,安平區,台南市安平區慶平路398號1樓,金滿貫運彩行,地圖
台南市,安平區,台南市安平區郡平路141號1樓,鋒碩運動彩券,地圖
台南市,安南區,台南市安南區同安路150號1樓,騰展彩券行,地圖
台南市,安南區,台南市安南區安中路一段848號1樓,安啦穩中運動彩券行,地圖
台南市,北區,台南市北區西門路四段371號1樓,滿貫發運動彩券,地圖
台南市,北區,台南市北區育德路446號1樓,強棒出擊運動彩券行,地圖
台南市,安南區,台南市安南區怡安路二段198號1樓,樂透運動彩券,地圖
台南市,東區,台南市東區崇善路372號1樓,好運爆棚運動彩券,地圖
台南市,東區,台南市東區自由路三段322號1樓,敬誠運動彩券行,地圖
台南市,中西區,台南市中西區健康路一段272號1樓,馬力夯運動彩券,地圖
台南市,北區,台南市北區北安路一段53號1樓,趙公明運動彩券行,地圖
台南市,北區,台南市北區武聖路66號1樓,浩勝彩券行,地圖
台南市,安平區,台南市安平區健康三街193號1樓,最會贏運動彩券行,地圖
台南市,南區,台南市南區新孝路34號1樓,采神運動彩券行,地圖
台南市,東區,台南市東區裕農路88號1樓,國明運動彩券行,地圖
台南市,安南區,台南市安南區安和路一段116號1樓,大慶運動彩券行,地圖
台南市,南區,台南市南區新興路507號,晶好中彩券行,地圖
台南市,北區,台南市北區開元路146號1樓,場場過運動彩券行,地圖
台南市,東區,台南市東區崇善路833號1樓,喜來旺運動彩券行,地圖
台南市,南區,台南市南區永華路一段253號1樓,永冠王彩券行,地圖
台南市,安南區,台南市安南區安中路一段717號1樓,錢家樂運彩行,地圖
台南市,東區,台南市東區中華東路二段207號1樓,大世紀運動彩券行,地圖
台南市,中西區,台南市中西區金華路四段122號1樓,金揚運動彩券行,地圖
台南市,南區,台南市南區金華路二段287號1樓,南霸天運動彩券行,地圖
台南市,東區,台南市東區東寧路298號1樓,連贏發運動彩券行,地圖
台南市,北區,台南市北區武聖路146號1樓,祥榮運彩生活館,地圖
台南市,北區,台南市北區開元路297號1樓,金欣運動彩券行,地圖
台南市,東區,台南市東區怡東路41號1樓,怡定贏運動彩券行,地圖
台南市,北區,台南市北區文賢路723號1樓,金手套運動彩券,地圖
台南市,東區,台南市東區榮譽街121之7號1樓,大力士運動彩券行,地圖
台南市,南區,台南市南區灣裡路390號1樓,元喜運動彩券行,地圖
台南市,中西區,台南市中西區大埔街34號1樓,允發財運動彩券,地圖
台南市,南區,台南市南區金華路一段307號1樓,豪贏運彩行,地圖
台南市,東區,台南市東區崇德路469號1樓,叭噗車車彩券行,地圖
台南市,南區,台南市南區金華路二段445號1樓,隆允贏運動彩券行,地圖
台南市,南區,台南市南區西門路一段307號1樓,好棒運動彩券,地圖
台南市,中西區,台南市中西區民族路三段290號1樓,艾佛森運動彩券,地圖
台南市,東區,台南市東區崇德路536號1樓,鑫旺勝運動彩券行,地圖
台南市,南區,台南市南區文南路120號1樓,金錢爆運動彩券行,地圖
台南市,安南區,台南市安南區安和路五段341號1樓,超幸運運動彩券行,地圖
台南市,安南區,台南市安南區安中路一段767號1樓,穩過關運動彩券,地圖
台南市,安平區,台南市安平區安平路726號1樓,動感鈔人運動彩券,地圖
台南市,北區,台南市北區長榮路五段18號1樓,新勝運動彩券,地圖
台南市,安平區,台南市安平區華平路692號1樓,安平最強運動彩券行,地圖
台南市,北區,台南市北區北成路397號1樓,九千倍運動彩券行,地圖
台南市,北區,台南市北區育德路338號1樓,打通關運動彩券行,地圖
台南市,安南區,台南市安南區北安路二段457號1樓,聯勝彩券行,地圖
台南市,南區,台南市南區新興路477號1樓,地球上投運動彩券,地圖
台南市,東區,台南市東區林森路二段192巷24弄25號1樓,明欣運動彩券行,地圖
台南市,東區,台南市東區崇明路97號1樓,金勾杯運動彩券,地圖
台南市,北區,台南市北區開元路144號1樓,場場過商行,地圖
台南市,安平區,台南市安平區育平路226號1樓,金禧運動彩券行,地圖
台南市,東區,台南市東區崇善路580號1樓,亞運國手運動彩券行,地圖
台南市,安南區,台南市安南區海佃路三段129號1樓,勝利運動彩券,地圖
台南市,東區,台南市東區大同路二段207號1樓,金福欣運動彩券行,地圖
台南市,北區,台南市北區北安路一段172號1樓,金包贏運動彩券,地圖
台南市,東區,台南市東區大同路二段95-1號1樓,運大桶彩券行,地圖
台南市,中西區,台南市中西區成功路401號1樓,焦點運動彩券,地圖
台南市,中西區,台南市中西區民權路三段36號1樓,心想事成運動彩券,地圖
台南市,東區,台南市東區崇德路381號1樓,瑞取運動彩券,地圖
台南市,中西區,台南市中西區民族路三段49號1樓,五月雨運動彩券,地圖
台南市,東區,台南市東區林森路二段50號1樓,冠畇運動彩券行,地圖
台南市,安南區,台南市安南區怡安路二段196號1樓,決勝運動彩券,地圖
台南市,安平區,台南市安平區文平路367號1樓,欣欣運動彩券行,地圖
台南市,北區,台南市北區公園路894號1樓,達陣運動彩券,地圖
台南市,北區,台南市北區開元路168號1樓,決勝點運動彩券,地圖
台南市,中西區,台南市中西區文賢路239號1樓,勁賀贏運動彩券行,地圖
台南市,東區,台南市東區中華東路二段133巷55號1樓,騰元運動彩券行,地圖
台南市,東區,台南市東區崇善路843號1樓,宥盈運動彩券行,地圖
台南市,安南區,台南市安南區安和路一段64號1樓,來就贏運動彩券行,地圖
台南市,東區,台南市東區東安路70號1樓,新星炸裂運動彩券,地圖
台南市,南區,台南市南區灣裡路329號1樓,名人運動彩券行,地圖
台南市,安南區,台南市安南區海佃路三段127號1樓,加倍旺運動彩券,地圖
台南市,中西區,台南市中西區永華路一段38號1樓,金賀椏運動彩券行,地圖
台南市,安南區,台南市安南區郡安路四段281號1樓,三冠王運動彩券行,地圖
台南市,南區,台南市南區金華路一段258號1樓,富裕運動彩券行,地圖
台南市,中西區,台南市中西區康樂街187號1樓,金發樂商行,地圖
台南市,安南區,台南市安南區安富街241號1樓,金穩營運動彩券行,地圖
台南市,南區,台南市南區國民路169號1樓,國民運動彩券行,地圖
台南市,安南區,台南市安南區海佃路三段125號1樓,乘勝進擊運動彩券,地圖
台南市,東區,台南市東區林森路二段210號1樓,森益豪運動彩券,地圖
台南市,北區,台南市北區成功路618號1樓,逆轉勝運動彩券,地圖
台南市,中西區,台南市中西區大同路一段150號1樓,皆大歡喜運動彩券,地圖
台南市,安南區,台南市安南區安和路四段490號1樓,正裕運動彩券行,地圖
台南市,中西區,台南市中西區青年路139號1樓,金好過運動彩券行,地圖
台南市,北區,台南市北區公園路126號1樓,金會營彩券行,地圖
台南市,南區,台南市南區夏林路7號1樓,祥爃運彩彩券行,地圖
台南市,佳里區,台南市佳里區文化路578號1樓,過關運動彩券,地圖
台南市,佳里區,台南市佳里區延平路348號1樓,朝揚運動彩券,地圖
台南市,仁德區,台南市仁德區中山路460號1樓,億興旺運動彩券,地圖
台南市,永康區,台南市永康區自強路772號1樓,世界盃運動彩券行,地圖
台南市,永康區,台南市永康區中華西街232號1樓,世界盃商行,地圖
台南市,永康區,台南市永康區中華路365號1樓,一級棒彩券行,地圖
台南市,麻豆區,台南市麻豆區興中路55巷17-3號1樓,得勝運動彩券,地圖
台南市,永康區,台南市永康區自強路380號1樓,福有運動彩券行,地圖
台南市,仁德區,台南市仁德區中正路二段399號1樓,金旺門運動彩券行,地圖
台南市,善化區,台南市善化區中山路43之1號1樓,通關勝運動彩券,地圖
台南市,新市區,台南市新市區中正路285號1樓,金城運動彩券行,地圖
台南市,永康區,台南市永康區中正北路90號1樓,富勝運動彩券行,地圖
台南市,善化區,台南市善化區中山路398號1樓,福立發運動彩券,地圖
台南市,新市區,台南市新市區民生路3號1樓,新活力旺運彩行,地圖
台南市,永康區,台南市永康區永大路二段901號1樓,冠軍商行,地圖
台南市,永康區,台南市永康區東橋一路111號1樓,國士無雙運動彩券,地圖
台南市,永康區,台南市永康區大灣路877號1樓,連連勝運動彩券行,地圖
台南市,柳營區,台南市柳營區中山西路二段198號1樓,尚顏運動彩券,地圖
台南市,新營區,台南市新營區延平路67號1樓,誌勝運動彩券,地圖
台南市,永康區,台南市永康區中山南路533號1樓,泰山運動彩券,地圖
台南市,永康區,台南市永康區大橋二街116號1樓,壹祈發運動彩券行,地圖
台南市,佳里區,台南市佳里區延平路300號1樓,至尊運動彩券,地圖
台南市,安定區,台南市安定區港尾里港子尾35-1號1樓,續航利運動彩券,地圖
台南市,永康區,台南市永康區大灣路231號1樓,金淼發運動彩券行,地圖
台南市,永康區,台南市永康區大灣路263號1樓,全壘打商行,地圖
台南市,新營區,台南市新營區民治路48號1樓,鑫滿億運彩行,地圖
台南市,歸仁區,台南市歸仁區民權北路30號1樓,晶來發運彩行,地圖
台南市,麻豆區,台南市麻豆區忠孝路25-21號1樓,穩仲運動彩券行,地圖
台南市,關廟區,台南市關廟區南雄路二段222號1樓,穩贏運動彩券行,地圖
台南市,學甲區,台南市學甲區濟生路205之1號1樓,旺旺萊運動彩券行,地圖
台南市,新化區,台南市新化區中山路524號1樓,晉億運動彩券,地圖
台南市,永康區,台南市永康區自強路333巷7號1樓,冠天下運動彩券行,地圖
台南市,新市區,台南市新市區仁愛街191號1樓,首席運動彩券,地圖
台南市,歸仁區,台南市歸仁區大通路76-1號1樓,金伍錢運動彩券行,地圖
台南市,新市區,台南市新市區民生路47號1樓,皇家運動彩券行,地圖
台南市,歸仁區,台南市歸仁區大廟一街133號1樓,大員彩券行,地圖
台南市,官田區,台南市官田區隆田里中山路一段94號1樓,日日進運動彩券,地圖
台南市,仁德區,台南市仁德區中清路59號1樓,愛買運動彩券,地圖
台南市,永康區,台南市永康區永大路二段820號1樓,天好運運動彩券行,地圖
台南市,永康區,台南市永康區中山東路101號1樓,金好中運動彩券行,地圖
台南市,六甲區,台南市六甲區中山路25號1樓,全勝運動彩券行,地圖
台南市,新市區,台南市新市區銘傳街122號1樓,強打者商行,地圖
台南市,歸仁區,台南市歸仁區中山路一段484號1樓,一六六運動彩券行,地圖
台南市,善化區,台南市善化區大成路344號1樓,上好運企業社,地圖
台南市,新化區,台南市新化區中山路305號1樓,益統運動彩券行,地圖
台南市,麻豆區,台南市麻豆區中正路59號1樓,踴躍運動彩券,地圖
台南市,關廟區,台南市關廟區南雄路二段85號1樓,聯贏彩券行,地圖
台南市,西港區,台南市西港區中山路255號1樓,好市多多運動彩券,地圖
台南市,永康區,台南市永康區復華七街75號1樓,英雄運動彩券行,地圖
台南市,鹽水區,台南市鹽水區中正路94號1樓,芝麻開門運動彩券,地圖
台南市,仁德區,台南市仁德區中正路二段433號1樓,幸運星運動彩券,地圖
台南市,下營區,台南市下營區中山路一段216號1樓,金好營彩券行,地圖
台南市,歸仁區,台南市歸仁區民權南路30號1樓,氣真旺運彩行,地圖
台南市,新營區,台南市新營區民治路6-1號1樓,大金庫商行,地圖
台南市,學甲區,台南市學甲區成功路1-2號1樓,金旺運動彩券行,地圖
台南市,麻豆區,台南市麻豆區興國路5號1樓,豪中運動彩券,地圖
台南市,永康區,台南市永康區正強街141號1樓,好運運動彩券,地圖
台南市,永康區,台南市永康區復國一路337號1樓,天下運動彩券行,地圖
台南市,歸仁區,台南市歸仁區中山路三段47號1樓,跑馬地運動彩券,地圖
台南市,麻豆區,台南市麻豆區民權路49-7號1樓,賴福運動彩券行,地圖
台南市,善化區,台南市善化區中正路503號1樓,金采鴻運動彩券行,地圖
台南市,學甲區,台南市學甲區中正路242號1樓,佰戰佰勝運動彩券,地圖
台南市,歸仁區,台南市歸仁區中正南路一段80號1樓,精準運動彩券,地圖
台南市,永康區,台南市永康區正新街36號1樓,正新旺運動彩券行,地圖
台南市,新營區,台南市新營區中興路36之6號1樓,大大春彩券行,地圖
台南市,仁德區,台南市仁德區德南路192號1樓,掘金運動彩券,地圖
台南市,永康區,台南市永康區中山路156號1樓,金得勝運動彩券行,地圖
台南市,新化區,台南市新化區信義路442之1號1樓,新化運彩投注站,地圖
台南市,白河區,台南市白河區中正路73號1樓,盈佳運動彩券行,地圖
台南市,學甲區,台南市學甲區華宗路413號1樓,福樂運動彩券行,地圖
台南市,新市區,台南市新市區中正路303號1樓,發發發運動彩券,地圖
台南市,新市區,台南市新市區仁愛街268號1樓,超前運動彩券,地圖
台南市,永康區,台南市永康區中山南路37號1樓,出奇制勝運動彩券,地圖
台南市,安定區,台南市安定區港口里港口212號1樓,穩勝運動彩券行,地圖
台南市,永康區,台南市永康區大灣路584號1樓,橫掃千金運動彩券,地圖
台南市,善化區,台南市善化區中山路283-1號1樓,大內高手運動彩券,地圖
台南市,六甲區,台南市六甲區民生街32號1樓,神采飛揚運動彩券,地圖
台南市,佳里區,台南市佳里區中山路370號1樓,鑽發運動彩券,地圖
台南市,新化區,台南市新化區忠孝路128號1樓,虎贏運動彩券行,地圖
台南市,永康區,台南市永康區中華一路150號1樓,制勝點運動彩券,地圖
台南市,佳里區,台南市佳里區中山路154號1樓,捷報運動彩券,地圖
台南市,佳里區,台南市佳里區中山路182號1樓,繽紛運動彩券,地圖
台南市,永康區,台南市永康區中山南路213號1樓,大滿貫運動彩券行,地圖
台南市,永康區,台南市永康區中華二路292號1樓,壬寶運動彩券行,地圖
台南市,永康區,台南市永康區永明街67之2號1樓,冠天下商行,地圖
台南市,永康區,台南市永康區中正路175號1樓,高勝率運動彩券行,地圖
台南市,永康區,台南市永康區復國一路323號1樓,文化運動彩券行,地圖
台南市,善化區,台南市善化區中山路443號1樓,炭飽飽運動彩券行,地圖
台南市,新營區,台南市新營區復興路157-11號1樓,活躍運動彩券,地圖
台南市,仁德區,台南市仁德區仁義路27號1樓,双贏運動彩券行,地圖
台南市,西港區,台南市西港區慶安里中山路313號1樓,鯉龍贏運動彩券行,地圖
台南市,永康區,台南市永康區中華西街84號1樓,超勝運動彩券行,地圖
台南市,永康區,台南市永康區中正路706號1樓,瘋運彩運動彩券行,地圖
台南市,下營區,台南市下營區中山路二段58號1樓,奪冠運動彩券,地圖
桃園市,中壢區,桃園市中壢區新明路55號1樓,金寶王運動彩券,地圖
桃園市,大溪區,桃園市大溪區慈湖路111號1樓,活力運動彩券行,地圖
桃園市,楊梅區,桃園市楊梅區文化街295巷2號1樓,旺旺鑫運動彩券,地圖
桃園市,中壢區,桃園市中壢區民族路42號1樓,鑫銘彩券行,地圖
桃園市,觀音區,桃園市觀音區成功路一段571號1樓,翻喜運動彩券行,地圖
桃園市,大溪區,桃園市大溪區介壽路1117號1樓,大筆發財運動商行,地圖
桃園市,新屋區,桃園市新屋區中華路232號1樓,大滿貫運動彩券,地圖
桃園市,觀音區,桃園市觀音區成功路一段633號1樓,鑫成功運動彩券行,地圖
桃園市,楊梅區,桃園市楊梅區新農街6之3號1樓,聯發運動彩券行,地圖
桃園市,中壢區,桃園市中壢區龍東路321號1樓,天王星運彩行,地圖
桃園市,楊梅區,桃園市楊梅區環東路486號1樓,天佑運動彩券行,地圖
桃園市,大園區,桃園市大園區中山北路187號1樓,中量級運動彩券行,地圖
桃園市,楊梅區,桃園市楊梅區文化街268號1樓,哈登二世彩券行,地圖
桃園市,大溪區,桃園市大溪區員林路一段303號1樓,名人運動彩券行,地圖
桃園市,平鎮區,桃園市平鎮區廣德街236號1樓,一支獨秀運動彩券行,地圖
桃園市,平鎮區,桃園市平鎮區中豐路南勢二段145號1樓,鈞禾登運動彩券行,地圖
桃園市,大溪區,桃園市大溪區介壽路1163號1樓,璽錸運動彩券行,地圖
桃園市,中壢區,桃園市中壢區中園路二段152號1樓,大贏家運動彩券行,地圖
桃園市,大溪區,桃園市大溪區員林路二段390之3號1樓,富婆運動彩券行,地圖
桃園市,中壢區,桃園市中壢區大同路104號1樓,星野運動投注站,地圖
桃園市,大園區,桃園市大園區中正東路三段598號1樓,圓夢運動彩券行,地圖
桃園市,平鎮區,桃園市平鎮區振興路30號1樓,世界準運動彩券行,地圖
桃園市,中壢區,桃園市中壢區永福路736號1樓,非中不可彩券行,地圖
桃園市,楊梅區,桃園市楊梅區新農街140號1樓,威雄豪運動彩券行,地圖
桃園市,平鎮區,桃園市平鎮區振興路116號1樓,喜財發投注站,地圖
桃園市,楊梅區,桃園市楊梅區大成路140號1樓,欣聖企業社,地圖
桃園市,平鎮區,桃園市平鎮區南豐路81號1樓,運通運動彩券行,地圖
桃園市,楊梅區,桃園市楊梅區成功路22號1樓,富岡成功運動彩券,地圖
桃園市,中壢區,桃園市中壢區中豐路192號1樓,鼎盛發運彩投注站,地圖
桃園市,觀音區,桃園市觀音區中山路二段640號1樓,美大運動彩券行,地圖
桃園市,中壢區,桃園市中壢區龍東路512號1樓,仟佰億運動彩券行,地圖
桃園市,中壢區,桃園市中壢區福德路91號1樓,三冠王彩券行,地圖
桃園市,中壢區,桃園市中壢區龍東路232號1樓,領航運動彩券行,地圖
桃園市,中壢區,桃園市中壢區中山東路三段239號1樓,旺神運動彩券行,地圖
桃園市,中壢區,桃園市中壢區忠孝路339號1樓,添好運企業社,地圖
桃園市,中壢區,桃園市中壢區中北路二段408號1樓,鈞立澄運動彩券行,地圖
桃園市,中壢區,桃園市中壢區延平路555號1樓,千意運動彩券行,地圖
桃園市,平鎮區,桃園市平鎮區中豐路山頂段284號1樓,英超曼聯運動彩券行,地圖
桃園市,新屋區,桃園市新屋區中山東路2段857號1樓,滿點運動彩券行,地圖
桃園市,中壢區,桃園市中壢區永福路698號1樓,連勝發企業社,地圖
桃園市,平鎮區,桃園市平鎮區民族路雙連二段227號1樓,田彩運動彩券行,地圖
桃園市,觀音區,桃園市觀音區中正路266號1樓,有錢運動彩券行,地圖
桃園市,觀音區,桃園市觀音區四維路53號1樓,玩家運動彩券行,地圖
桃園市,中壢區,桃園市中壢區龍東路435號1樓,佳品運動彩券行,地圖
桃園市,楊梅區,桃園市楊梅區文化街226號1樓,耀貴運動彩券行,地圖
桃園市,龍潭區,桃園市龍潭區中興路298號1樓,一級棒運動彩券行,地圖
桃園市,龍潭區,桃園市龍潭區中豐路325號1樓,鏵澄運動彩券行,地圖
桃園市,楊梅區,桃園市楊梅區大成路119號1樓,發發財運動彩券行,地圖
桃園市,大園區,桃園市大園區華興路200號1樓,金福氣運動彩券行,地圖
桃園市,龍潭區,桃園市龍潭區中興路242號1樓,運彩樂運動彩券行,地圖
桃園市,中壢區,桃園市中壢區健行路172號1樓,順風旺運動彩券,地圖
桃園市,楊梅區,桃園市楊梅區環南路6號1樓,六角鑫鑫運動彩券,地圖
桃園市,中壢區,桃園市中壢區新中北路二段477號1樓,新富發運動彩券,地圖
桃園市,中壢區,桃園市中壢區元化路1之4號1樓,順風來彩券行,地圖
桃園市,平鎮區,桃園市平鎮區和平路154號1樓,球王運動彩券行,地圖
桃園市,中壢區,桃園市中壢區成章二街487號1樓,鴻運運動投注站,地圖
桃園市,大園區,桃園市大園區埔心街52-27號1樓,順風水運動彩券行,地圖
桃園市,中壢區,桃園市中壢區九和三街40號1樓,百發必中運動彩券行,地圖
桃園市,中壢區,桃園市中壢區中正路368號1樓,冥王星運彩行,地圖
桃園市,平鎮區,桃園市平鎮區文化街33號1樓,火箭人運動彩券行,地圖
桃園市,平鎮區,桃園市平鎮區延平路三段46號1樓,英超曼城運動彩券行,地圖
桃園市,中壢區,桃園市中壢區新中北路204號1樓,滿旺彩券行,地圖
桃園市,中壢區,桃園市中壢區龍川街6號1樓,六顆星彩券行,地圖
桃園市,楊梅區,桃園市楊梅區楊新路75號1樓,嘉銘運動彩券行,地圖
桃園市,楊梅區,桃園市楊梅區中興路24號1樓,非中不可運動彩券行,地圖
桃園市,中壢區,桃園市中壢區新生路191號1樓,福得運動彩券,地圖
桃園市,大溪區,桃園市大溪區民權東路166號1樓,精英運動彩券行,地圖
桃園市,中壢區,桃園市中壢區中美路二段64號1樓,盈吉多投注站,地圖
桃園市,中壢區,桃園市中壢區成章一街39號1樓,獎金大本營運動彩券,地圖
桃園市,龍潭區,桃園市龍潭區中正路124號1樓,滿貫炮彩券行,地圖
桃園市,平鎮區,桃園市平鎮區育達路227號1樓,金寶通運動彩券行,地圖
桃園市,觀音區,桃園市觀音區成功路一段549號1樓,贏冠軍運動彩券行,地圖
桃園市,中壢區,桃園市中壢區中北路二段424號1樓,金大福運動彩券行,地圖
桃園市,大園區,桃園市大園區和平東路19號1樓,運神運動彩券行,地圖
桃園市,中壢區,桃園市中壢區興農路86號1樓,永慶運動彩券行,地圖
桃園市,龍潭區,桃園市龍潭區龍元路3號1樓,得金牌運動彩券,地圖
桃園市,中壢區,桃園市中壢區龍東路22號1樓,金賺彩券行,地圖
桃園市,大園區,桃園市大園區中山北路71號1樓,運速運動彩券行,地圖
桃園市,中壢區,桃園市中壢區吉林二路87號1樓,金宇運動彩券行,地圖
桃園市,大園區,桃園市大園區菓林路110號1樓,太空人運動投注站,地圖
桃園市,平鎮區,桃園市平鎮區廣德街189號1樓,勝投王運動彩券,地圖
桃園市,楊梅區,桃園市楊梅區梅獅路二段67號1樓,馬上有錢運動彩券行,地圖
桃園市,大溪區,桃園市大溪區員林路一段238號1樓,大滿貫商行,地圖
桃園市,楊梅區,桃園市楊梅區民族路五段153號1樓,順盈投注站,地圖
桃園市,中壢區,桃園市中壢區中央西路二段157號1樓,活力發運動彩券行,地圖
桃園市,楊梅區,桃園市楊梅區青山五街18號1樓,超人運動彩券行,地圖
桃園市,中壢區,桃園市中壢區龍東路371號1樓,金滿財運動彩券行,地圖
桃園市,新屋區,桃園市新屋區中華路243之5號1樓,飛皇騰達運動彩券行,地圖
桃園市,大園區,桃園市大園區大工路70號1樓,頭榜運動彩券行,地圖
桃園市,中壢區,桃園市中壢區福州二街388號1樓,錸下注運動彩券行,地圖
桃園市,中壢區,桃園市中壢區長春路76號1樓,兆豐運彩商行,地圖
桃園市,中壢區,桃園市中壢區中央西路二段229號1樓,赤兔馬運動彩券行,地圖
桃園市,觀音區,桃園市觀音區大觀路二段165號1樓,大秘寶運動彩券行,地圖
桃園市,楊梅區,桃園市楊梅區中山北路二段119號1樓,英超運動彩券行,地圖
桃園市,大園區,桃園市大園區大觀路20之1號1樓,大吉大利運動彩券行,地圖
桃園市,中壢區,桃園市中壢區新中北路二段463號1樓,欣儒商行,地圖
桃園市,平鎮區,桃園市平鎮區中豐路南勢二段114號1樓,連霸運彩行,地圖
桃園市,龍潭區,桃園市龍潭區大同路2之2號1樓,金牌王運動彩券行,地圖
桃園市,中壢區,桃園市中壢區日新路2號1樓,金兆豐運動彩券行,地圖
桃園市,中壢區,桃園市中壢區榮安一街151號1樓,洋金企業社,地圖
桃園市,中壢區,桃園市中壢區興農路97號1樓,佰吉商行,地圖
桃園市,龍潭區,桃園市龍潭區新龍路160號1樓,籃球王運動彩券行,地圖
桃園市,觀音區,桃園市觀音區大觀路二段117號1樓,鴻觀運動彩券行,地圖
桃園市,中壢區,桃園市中壢區領航南路一段5號1樓,樂運運動彩券行,地圖
桃園市,新屋區,桃園市新屋區中山路388號1樓,幸運球運動彩券行,地圖
桃園市,楊梅區,桃園市楊梅區民族路五段251號1樓,鈞禾運動彩券行,地圖
桃園市,平鎮區,桃園市平鎮區延平路二段172號1樓,鑫旺福運動彩券行,地圖
桃園市,楊梅區,桃園市楊梅區中山路31號1樓,人流運動投注站,地圖
桃園市,中壢區,桃園市中壢區莊敬路867號1樓,錢來發運動彩券行,地圖
桃園市,中壢區,桃園市中壢區長春路34號1樓,金運運動彩券行,地圖
桃園市,大園區,桃園市大園區中華路59號1樓,環球運動彩券行,地圖
桃園市,平鎮區,桃園市平鎮區工業一路2之7號1樓,仟億元運動彩券商行,地圖
桃園市,中壢區,桃園市中壢區龍岡路一段288號1樓,重量級運動彩券行,地圖
桃園市,龍潭區,桃園市龍潭區神龍路235號1樓,大吉發商行,地圖
桃園市,中壢區,桃園市中壢區福州路254號1樓,申豐彩券行,地圖
桃園市,龍潭區,桃園市龍潭區北龍路218號1樓,金好中運動彩券行,地圖
桃園市,中壢區,桃園市中壢區福州一街184號1樓,好運到運動彩券行,地圖
桃園市,平鎮區,桃園市平鎮區龍南路50號1樓,挺台灣運動彩券行,地圖
桃園市,中壢區,桃園市中壢區中山路20號1樓,馬來發運動彩券行,地圖
桃園市,楊梅區,桃園市楊梅區大成路35號1樓,柯瑞運動彩券行,地圖
桃園市,中壢區,桃園市中壢區長春路248號1樓,曜發運動彩券行,地圖
桃園市,平鎮區,桃園市平鎮區南豐路127之1號1樓,飛富集貴運動彩券行,地圖
桃園市,平鎮區,桃園市平鎮區金陵路三段183號1樓,無極限運動投注站,地圖
桃園市,中壢區,桃園市中壢區長春路20號1樓,鈞禾溱運動彩券行,地圖
桃園市,楊梅區,桃園市楊梅區萬大路91號1樓,旺大鑫運動彩券,地圖
桃園市,平鎮區,桃園市平鎮區中山路63之1號1樓,藍波萬運動彩券,地圖
桃園市,中壢區,桃園市中壢區福州一街239號1樓,泰多寶運動彩券行,地圖
桃園市,楊梅區,桃園市楊梅區中興路18號1樓,博彩運動彩券行,地圖
桃園市,中壢區,桃園市中壢區中山路477號1樓,金得勝運動彩券行,地圖
桃園市,龍潭區,桃園市龍潭區龍元路108號1樓,鬪流運動彩券行,地圖
桃園市,龍潭區,桃園市龍潭區中豐路307號1樓,定發運動彩券行,地圖
桃園市,龍潭區,桃園市龍潭區中興路376號1樓,南波萬運動彩券行,地圖
桃園市,中壢區,桃園市中壢區中園路二段142之1號1樓,日日發運動彩券,地圖
桃園市,中壢區,桃園市中壢區中北路二段330號1樓,弘達投注站,地圖
桃園市,楊梅區,桃園市楊梅區民族路五段197號1樓,進億運動彩券,地圖
桃園市,中壢區,桃園市中壢區龍慈路227號1樓,尚好中運動彩券行,地圖
桃園市,中壢區,桃園市中壢區長春路64號1樓,永發運動彩券行,地圖
桃園市,大溪區,桃園市大溪區復興路10號1樓,沅亨運彩行,地圖
桃園市,龍潭區,桃園市龍潭區龍元路80號1樓,名日之星運動彩券行,地圖
桃園市,大溪區,桃園市大溪區埔頂路一段466之1號1樓,連連發運彩行,地圖
桃園市,龍潭區,桃園市龍潭區中原路二段281號1樓,競彩勝運動彩券行,地圖
桃園市,新屋區,桃園市新屋區中華路187號1樓,金富豪運動彩券行,地圖
桃園市,大園區,桃園市大園區菓林路81號1樓,祥福運動彩券行,地圖
桃園市,平鎮區,桃園市平鎮區平東路72號1樓,逍遙運動彩券行,地圖
桃園市,龍潭區,桃園市龍潭區中興路418號1樓,冠軍球星投注站,地圖
桃園市,中壢區,桃園市中壢區榮安一街220號1樓,金來運動彩券行,地圖
桃園市,中壢區,桃園市中壢區永能路76號1樓,大滿冠運動彩券行,地圖
桃園市,楊梅區,桃園市楊梅區三民北路168號1樓,天下運動彩券行,地圖
桃園市,中壢區,桃園市中壢區健行路124號1樓,富億運動彩券行,地圖
桃園市,楊梅區,桃園市楊梅區四維路108號1樓,超會中千百倍運動彩券行,地圖
桃園市,平鎮區,桃園市平鎮區平東路1號1樓,一六八運動彩券行,地圖
桃園市,龍潭區,桃園市龍潭區梅龍路178號1樓,強勝運動彩券行,地圖
桃園市,楊梅區,桃園市楊梅區永美路175號1樓,飛來發運彩商行,地圖
桃園市,龜山區,桃園市龜山區大同路124號1樓,彩豐運動彩券行,地圖
桃園市,桃園區,桃園市桃園區國豐三街26號1樓,一統運動彩券行,地圖
桃園市,桃園區,桃園市桃園區中正路359號1樓,尚旺運動彩券行,地圖
桃園市,蘆竹區,桃園市蘆竹區南崁路115號1樓,賀過關運彩行,地圖
桃園市,龜山區,桃園市龜山區萬壽路一段398號1樓,行星運彩行,地圖
桃園市,龜山區,桃園市龜山區文化二路187號1樓,金蠻牛運動彩券,地圖
桃園市,龜山區,桃園市龜山區頂興路35號1樓,頂興運動彩券行,地圖
桃園市,龜山區,桃園市龜山區自強西路356號1樓,贏道爆運動彩券行,地圖
桃園市,桃園區,桃園市桃園區中山東路68號1樓,泰暘運動彩券行,地圖
桃園市,桃園區,桃園市桃園區三民路三段335號1樓,大勝運動彩券行,地圖
桃園市,桃園區,桃園市桃園區大有路507號1樓,曜贏運動彩券行,地圖
桃園市,八德區,桃園市八德區建國路975號1樓,天天運動彩券行,地圖
桃園市,桃園區,桃園市桃園區復興路73號1樓,左鄰右舍運動彩券行,地圖
桃園市,八德區,桃園市八德區忠勇街207號1樓,汎翊運動彩券行,地圖
桃園市,桃園區,桃園市桃園區文中路699號1樓,全滿貫彩券行,地圖
桃園市,桃園區,桃園市桃園區延平路48號1樓,桐發順運動彩券行,地圖
桃園市,八德區,桃園市八德區桃鶯路86號1樓,金大吉運動彩券行,地圖
桃園市,八德區,桃園市八德區廣福路163號1樓,戰勝運彩投注站,地圖
桃園市,蘆竹區,桃園市蘆竹區南崁路一段64號1樓,金滿壘運動彩券,地圖
桃園市,桃園區,桃園市桃園區中正路62巷32號、34號1樓,鑫騎白馬運動彩券行,地圖
桃園市,蘆竹區,桃園市蘆竹區南崁路250號1樓,喜從天降運動彩券,地圖
桃園市,蘆竹區,桃園市蘆竹區奉化路26號1樓,傳奇人生運動彩券行,地圖
桃園市,蘆竹區,桃園市蘆竹區忠孝西路196號1樓,世界投注站,地圖
桃園市,八德區,桃園市八德區廣福路124號1樓,大福運動彩券行,地圖
桃園市,八德區,桃園市八德區永豐路416號1樓,樂多運動彩券行,地圖
桃園市,桃園區,桃園市桃園區新埔六街186號1樓,飛馬運動彩券投注站,地圖
桃園市,龜山區,桃園市龜山區復興三路137號1樓,踴興彩券行,地圖
桃園市,八德區,桃園市八德區高城路36號1樓,神準運彩商行,地圖
桃園市,八德區,桃園市八德區和平路156號1樓,吉泰興運動彩券行,地圖
桃園市,蘆竹區,桃園市蘆竹區奉化路114號1樓,賺道飽運動彩券行,地圖
桃園市,桃園區,桃園市桃園區壽昌街20巷43號1樓,贏通關運動彩券行,地圖
桃園市,桃園區,桃園市桃園區中正五街120號1樓,柚會發運動彩券,地圖
桃園市,桃園區,桃園市桃園區民光路62號1樓,一平公益彩券投注站,地圖
桃園市,龜山區,桃園市龜山區復興北路6巷28號1樓,騰發好運彩行,地圖
桃園市,龜山區,桃園市龜山區龍興街9號1樓,龍興運動彩券行,地圖
桃園市,桃園區,桃園市桃園區寶山街362號1樓,超級旺運動彩券行,地圖
桃園市,蘆竹區,桃園市蘆竹區南崁路72號1樓,西甲運動彩券行,地圖
桃園市,桃園區,桃園市桃園區同德六街164號1樓,錢多多運動彩券,地圖
桃園市,龜山區,桃園市龜山區文化三路66號1樓,運動王彩券行,地圖
桃園市,蘆竹區,桃園市蘆竹區仁愛路一段504號1樓,鴻圖運動彩券行,地圖
桃園市,龜山區,桃園市龜山區大同路6號1樓,大同運動彩券行,地圖
桃園市,龜山區,桃園市龜山區文山街25號1樓,金錢爆運動彩券行,地圖
桃園市,八德區,桃園市八德區介壽路二段1418之5號1樓,仟毅投注站,地圖
桃園市,龜山區,桃園市龜山區萬壽路二段1177號1樓,億爾發運動彩券行,地圖
桃園市,桃園區,桃園市桃園區新埔六街126號1樓,福多多運動彩券,地圖
桃園市,蘆竹區,桃園市蘆竹區上興路212號1樓,大竹運彩行,地圖
桃園市,桃園區,桃園市桃園區龍安街94號1樓,寶馬企業社,地圖
桃園市,桃園區,桃園市桃園區中平路21號1樓,買就過運動彩券行,地圖
桃園市,桃園區,桃園市桃園區莊敬路二段82號1樓,大吉利運動彩券行,地圖
桃園市,蘆竹區,桃園市蘆竹區中山路134號1樓,富吉祥彩券行,地圖
桃園市,桃園區,桃園市桃園區春日路1354號1樓,鑫富商行,地圖
桃園市,龜山區,桃園市龜山區中興路363號1樓,中興旺運動彩券行,地圖
桃園市,桃園區,桃園市桃園區民生路198號1樓,如龍得雲運動彩券行,地圖
桃園市,八德區,桃園市八德區桃鶯路58號1樓,大贏運動彩券投注站,地圖
桃園市,八德區,桃園市八德區介壽路一段832號1樓,鑫世界運動彩券投注站,地圖
桃園市,桃園區,桃園市桃園區中正路593號1樓,全家福運動彩券,地圖
桃園市,桃園區,桃園市桃園區和平路90號1樓,英雄運動投注站,地圖
桃園市,八德區,桃園市八德區福國北街183號1樓,頂尖投注站,地圖
桃園市,桃園區,桃園市桃園區正康二街54號1樓,穩贏運動彩券投注站,地圖
桃園市,桃園區,桃園市桃園區寶山街312號1樓,日豐運動彩券,地圖
桃園市,桃園區,桃園市桃園區春日路243號1樓,金吉祥運動彩券行,地圖
桃園市,蘆竹區,桃園市蘆竹區南山路三段250號1樓,奪標運動彩券行,地圖
桃園市,八德區,桃園市八德區介壽路二段1103號1樓,金瑞發運動彩券行,地圖
桃園市,八德區,桃園市八德區廣福路94號1樓,樸喜運動彩券行,地圖
桃園市,桃園區,桃園市桃園區同安街519號1樓之1,聚寶閣運動彩券,地圖
桃園市,桃園區,桃園市桃園區桃鶯路276號1樓,鶯進運動彩券行,地圖
桃園市,八德區,桃園市八德區中山路32號1樓,三冠王運彩投注站,地圖
桃園市,八德區,桃園市八德區福國北街82號1樓,金寶順運動彩券,地圖
桃園市,桃園區,桃園市桃園區安慶街122號1樓,運來發投注站,地圖
桃園市,龜山區,桃園市龜山區明德路6號1樓,三發運動彩券行,地圖
桃園市,桃園區,桃園市桃園區大興西路二段132號1樓,發發發運動彩券行,地圖
桃園市,桃園區,桃園市桃園區中正路734號1樓,淘吉堡運動彩券行,地圖
桃園市,蘆竹區,桃園市蘆竹區南上路23號1樓,宇宙一運動彩券行,地圖
桃園市,龜山區,桃園市龜山區文昌一街47巷7號1樓,拚多多運動彩券行,地圖
桃園市,蘆竹區,桃園市蘆竹區光明路二段278號1樓,報喜運動彩券行,地圖
桃園市,桃園區,桃園市桃園區民生路277號1樓,梅西投注站,地圖
桃園市,桃園區,桃園市桃園區中正五街278號1樓,一路發運動彩券行,地圖
桃園市,龜山區,桃園市龜山區中興路447號１樓,過八關運動彩券,地圖
桃園市,桃園區,桃園市桃園區大業路一段40號1樓,甲意來運動彩券行,地圖
桃園市,桃園區,桃園市桃園區永安路367之1號1樓,神龍運動彩券行,地圖
桃園市,桃園區,桃園市桃園區中正路77巷6號1樓,百戰百聖運動彩券行,地圖
桃園市,桃園區,桃園市桃園區力行路60號1樓,富吉運動彩券企業社,地圖
桃園市,龜山區,桃園市龜山區萬壽路二段917號1樓,王者運動彩券行,地圖
桃園市,蘆竹區,桃園市蘆竹區南竹路二段81號1樓,馬力夯運動彩券行,地圖
桃園市,桃園區,桃園市桃園區民安路90號1樓,超越彩券行,地圖
桃園市,桃園區,桃園市桃園區桃德路19號1樓,贏大獎運動彩券,地圖
桃園市,桃園區,桃園市桃園區國際路一段1174號1樓,紅不讓運動彩券行,地圖
桃園市,蘆竹區,桃園市蘆竹區南昌路2號1樓,頂大運動彩券行,地圖
桃園市,桃園區,桃園市桃園區長沙街56號1樓,仕之秋運動彩券行,地圖
桃園市,桃園區,桃園市桃園區延平路65號1樓,贏贏運彩投注站,地圖
桃園市,桃園區,桃園市桃園區中正路520號1樓,億利購運動彩券行,地圖
桃園市,八德區,桃園市八德區永豐路366號1樓,財福星喜運動彩券行,地圖
桃園市,桃園區,桃園市桃園區縣府路246號1樓,億萬君運動彩券,地圖
桃園市,蘆竹區,桃園市蘆竹區南崁路一段2號1樓,全呈運動彩券行,地圖
桃園市,桃園區,桃園市桃園區建國路20號1樓,鳳盈發運動彩券行,地圖
桃園市,龜山區,桃園市龜山區南上路176號1樓,昇峰投注站,地圖
桃園市,桃園區,桃園市桃園區南華街65號1樓,日月迎彩券行,地圖
桃園市,蘆竹區,桃園市蘆竹區大竹路316號1樓,飛來橫財運動彩券行,地圖
桃園市,八德區,桃園市八德區桃鶯路42號1樓,滿貫全壘打運動彩券行,地圖
桃園市,桃園區,桃園市桃園區寶山街245號1樓,歡喜來運動彩券行,地圖
桃園市,龜山區,桃園市龜山區光峯路龍田一巷6號1樓,光芒運動彩券行,地圖
桃園市,桃園區,桃園市桃園區力行路88號1樓,好運來運動彩券,地圖
桃園市,桃園區,桃園市桃園區春日路1242號1樓,延隆運動彩券企業社,地圖
桃園市,龜山區,桃園市龜山區中興路一段9號1樓,贏到忘我運動彩券行,地圖
桃園市,蘆竹區,桃園市蘆竹區南山路三段267號1樓,好運連連運動彩券行,地圖
桃園市,桃園區,桃園市桃園區同安街389號1樓,旺得富運動彩券,地圖
桃園市,八德區,桃園市八德區龍宮街81號1樓,虹瑩商行,地圖
桃園市,蘆竹區,桃園市蘆竹區大竹路441號1樓,冠軍運動彩券行,地圖
桃園市,蘆竹區,桃園市蘆竹區南崁路一段133號1樓,金寶來運動彩券行,地圖
桃園市,桃園區,桃園市桃園區龍壽街32之1號1樓,萬旺運動彩券行,地圖
桃園市,桃園區,桃園市桃園區慈文路312號1樓,柚會贏運動彩券,地圖
桃園市,桃園區,桃園市桃園區力行路75號1樓,柚會中運動彩券,地圖
桃園市,桃園區,桃園市桃園區永安路282號1樓,桃發緣運彩投注站,地圖
桃園市,龜山區,桃園市龜山區復興北路6巷20號1樓,飛要暴富運動彩券行,地圖
桃園市,桃園區,桃園市桃園區大業路一段371之1號1樓,全卓運動彩券行,地圖
桃園市,龜山區,桃園市龜山區南祥路36號1樓,德金運動彩券行,地圖
桃園市,桃園區,桃園市桃園區同安街469號1樓,大旺發彩券行,地圖
桃園市,龜山區,桃園市龜山區文化三路548號1樓,京采彩券行,地圖
桃園市,八德區,桃園市八德區廣福路100號1樓,元新運動彩券行,地圖
桃園市,桃園區,桃園市桃園區中山東路7號1樓,飛向金礦運動彩券行,地圖
桃園市,桃園區,桃園市桃園區安慶街116號1樓,福成運動彩券行,地圖
桃園市,龜山區,桃園市龜山區文青路256號1樓,帝王運動彩券行,地圖
桃園市,蘆竹區,桃園市蘆竹區長春路89號1樓,霸主運動彩券行,地圖
桃園市,桃園區,桃園市桃園區仁愛路115號1樓,龍來發運動彩券行,地圖
桃園市,桃園區,桃園市桃園區大興路162號1樓,大興運動彩券,地圖
桃園市,桃園區,桃園市桃園區上海路101號1樓,這裡還是有間店,地圖
桃園市,蘆竹區,桃園市蘆竹區南崁路120號1樓,全壘打運動彩券行,地圖
桃園市,蘆竹區,桃園市蘆竹區南山路二段515號1樓,萬丈運動彩券行,地圖
桃園市,桃園區,桃園市桃園區大同路58號1樓,球探運動彩券行,地圖
桃園市,桃園區,桃園市桃園區安慶街107號1樓,黃金運動彩券行,地圖
桃園市,八德區,桃園市八德區和平路118號1樓,天道運動彩券行,地圖
桃園市,桃園區,桃園市桃園區國際路一段1028號1樓,鐵軌路運動投注站,地圖
桃園市,桃園區,桃園市桃園區保定六街43號1樓,紅布朗運動彩券行,地圖
桃園市,桃園區,桃園市桃園區延平路188號1樓,寶島運動彩券行,地圖
桃園市,桃園區,桃園市桃園區龍壽街108號1樓,滿億運動彩券行,地圖
桃園市,桃園區,桃園市桃園區中正路664號1樓,來必勝運動彩券行,地圖
桃園市,桃園區,桃園市桃園區宏昌六街145號1樓,幸運來投注站,地圖
桃園市,桃園區,桃園市桃園區龍安街146號1樓,龍安運動彩券,地圖
桃園市,八德區,桃園市八德區介壽路二段277號1樓,億萬許運動彩券,地圖
桃園市,蘆竹區,桃園市蘆竹區中正路363號1樓,永峰運動彩券行,地圖
桃園市,蘆竹區,桃園市蘆竹區海山路36號1樓,鑫來旺運動彩券行,地圖
桃園市,桃園區,桃園市桃園區天祥七街86號1樓,海峰投注站,地圖
桃園市,桃園區,桃園市桃園區南華街146號1樓,長鋐運動彩券行,地圖
桃園市,蘆竹區,桃園市蘆竹區大新路111號1樓,大新運彩投注站,地圖
桃園市,桃園區,桃園市桃園區寶山街205號1樓,億兆彩券行,地圖
桃園市,桃園區,桃園市桃園區莊敬路一段314號1樓,彩金王運動彩券行,地圖
桃園市,八德區,桃園市八德區桃鶯路101號1樓,群旺彩券行,地圖
桃園市,八德區,桃園市八德區興豐路777號1樓,發發喜運動彩券行,地圖
桃園市,桃園區,桃園市桃園區桃鶯路144號1樓,過關贏家運動彩券行,地圖
桃園市,八德區,桃園市八德區義勇街137號1樓,金發發運動彩券行,地圖
高雄市,小港區,高雄市小港區大鵬路123號、125號1樓,彩金大勝戰運動彩券行,地圖
高雄市,苓雅區,高雄市苓雅區武廟路63號1樓,至尊運動彩券行,地圖
高雄市,苓雅區,高雄市苓雅區三多四路98號1樓,高雄第一莊運動商行,地圖
高雄市,前鎮區,高雄市前鎮區瑞北路206號1樓,一路過運動彩券行,地圖
高雄市,苓雅區,高雄市苓雅區自強三路175號1樓,勝富運動彩券行,地圖
高雄市,前鎮區,高雄市前鎮區佛佑路209號1樓,一直過關運動彩券行,地圖
高雄市,小港區,高雄市小港區中安路616之2號1樓,金好過運動彩券行,地圖
高雄市,苓雅區,高雄市苓雅區林森二路54號1樓,南台灣運動彩券行,地圖
高雄市,小港區,高雄市小港區崇文路36號1樓,金福彩券行,地圖
高雄市,苓雅區,高雄市苓雅區青年一路1號1樓,灰狼運動彩券行,地圖
高雄市,小港區,高雄市小港區行義街1號1樓,神穩運動彩券行,地圖
高雄市,小港區,高雄市小港區樂利路18之3號1樓,過關達人運動彩券行,地圖
高雄市,小港區,高雄市小港區二苓路201號1樓,精彩運動彩券行,地圖
高雄市,苓雅區,高雄市苓雅區武廟路118之6號1樓,穩過發運動彩券行,地圖
高雄市,苓雅區,高雄市苓雅區忠孝二路87號1樓,金滿冠運動彩券行,地圖
高雄市,小港區,高雄市小港區桂陽路212號1樓,開球運動彩券行,地圖
高雄市,小港區,高雄市小港區孔鳳路487號1樓,財寶運動彩券行,地圖
高雄市,苓雅區,高雄市苓雅區成功一路198號1樓,仁仁贏網投運動彩券行,地圖
高雄市,前鎮區,高雄市前鎮區草衙二路456號1樓,金富來運動彩券行,地圖
高雄市,苓雅區,高雄市苓雅區復興二路62號1樓,鑽大大運動彩券行,地圖
高雄市,小港區,高雄市小港區漢民路202號1樓,爽贏運動彩券行,地圖
高雄市,小港區,高雄市小港區鳳林路159號1樓,轉運運動彩券行,地圖
高雄市,小港區,高雄市小港區小港路234號1樓,英雄聯盟運動彩券行,地圖
高雄市,鹽埕區,高雄市鹽埕區大仁路113號1樓,貓來富運動彩券行,地圖
高雄市,苓雅區,高雄市苓雅區英祥街21號1樓,銀世界運動彩券,地圖
高雄市,苓雅區,高雄市苓雅區武慶三路41號1樓,鑫雙贏運動彩券行,地圖
高雄市,前鎮區,高雄市前鎮區一心一路464號1樓,蘇波特運動彩券行,地圖
高雄市,小港區,高雄市小港區小港路126號1樓,萊發財運動彩券行,地圖
高雄市,小港區,高雄市小港區漢民路767號1樓,多中運動彩券行,地圖
高雄市,前鎮區,高雄市前鎮區復興三路295號1樓,富興紅不讓運動彩券行,地圖
高雄市,苓雅區,高雄市苓雅區苓雅二路87號1樓,口袋滿滿運動彩券行,地圖
高雄市,鹽埕區,高雄市鹽埕區新樂街239號1樓,拚了發運動彩券行,地圖
高雄市,前鎮區,高雄市前鎮區興中里復興三路118號1樓,錦昌旺運動彩券行,地圖
高雄市,苓雅區,高雄市苓雅區武慶三路3號1樓,通通過運動彩券行,地圖
高雄市,前鎮區,高雄市前鎮區正勤路58號1樓,正勤贏家運動彩券行,地圖
高雄市,小港區,高雄市小港區孔鳳路598號1樓,德好運運動彩券行,地圖
高雄市,旗津區,高雄市旗津區廟前路109號1樓,津豪運運動彩券行,地圖
高雄市,苓雅區,高雄市苓雅區光華二路388號1樓,金祥鴻運動彩券行,地圖
高雄市,小港區,高雄市小港區桂陽路25號1樓,強棒運動彩券行,地圖
高雄市,前鎮區,高雄市前鎮區佛德街28號1樓,壹陸發商行,地圖
高雄市,小港區,高雄市小港區大鵬路131號1樓,運財來彩券行,地圖
高雄市,苓雅區,高雄市苓雅區苓雅一路324號1樓,恩帝運動彩券行,地圖
高雄市,前鎮區,高雄市前鎮區擴建一路1號1樓,錢鎮穩贏運動彩券行,地圖
高雄市,前鎮區,高雄市前鎮區三多二路421號1樓,神來一筆商行,地圖
高雄市,前鎮區,高雄市前鎮區草衙二路316號1樓,熊炭吉商行,地圖
高雄市,小港區,高雄市小港區漢民路720號1樓,陽光運動彩券行,地圖
高雄市,前鎮區,高雄市前鎮區班超路1號1樓,榮盈彩券行,地圖
高雄市,苓雅區,高雄市苓雅區興中一路457號1樓,買起來運動彩券行,地圖
高雄市,前鎮區,高雄市前鎮區崗山中街216號1樓,連勝彩券行,地圖
高雄市,苓雅區,高雄市苓雅區三多三路162號1樓,大高雄活力運動彩券行,地圖
高雄市,苓雅區,高雄市苓雅區青年一路137號1樓,魅力四射商行,地圖
高雄市,小港區,高雄市小港區桂華街123號1樓,百星運動彩券行,地圖
高雄市,苓雅區,高雄市苓雅區四維二路185號1樓,四維運動彩券行,地圖
高雄市,小港區,高雄市小港區漢民路204號1樓,尋寶運動彩券行,地圖
高雄市,鹽埕區,高雄市鹽埕區建國四路306號1樓,過關連莊運動彩券行,地圖
高雄市,苓雅區,高雄市苓雅區廣州一街139號1樓,開心運動彩券行,地圖
高雄市,苓雅區,高雄市苓雅區大順三路209號1樓,煌誠運動商行,地圖
高雄市,苓雅區,高雄市苓雅區武廟路79-1號1樓,達鴻運動彩券行,地圖
高雄市,苓雅區,高雄市苓雅區建國一路9號1樓,耀球運動彩券行,地圖
高雄市,苓雅區,高雄市苓雅區復興二路87號1樓,灌籃高手運動彩券行,地圖
高雄市,苓雅區,高雄市苓雅區青年一路155號1樓,興隆旺運動彩券行,地圖
高雄市,小港區,高雄市小港區漢民路694號1樓,喜百年彩券行,地圖
高雄市,前鎮區,高雄市前鎮區林森三路181號1樓,聚億球運動彩券行,地圖
高雄市,苓雅區,高雄市苓雅區中正一路317號1樓,杰鑫運動彩券行,地圖
高雄市,苓雅區,高雄市苓雅區建國一路129-1號1樓,彩虹運動彩券行,地圖
高雄市,前鎮區,高雄市前鎮區瑞發街57號1樓,呼你旺運動彩券行,地圖
高雄市,小港區,高雄市小港區中安路616之1號1樓,世界強運動彩券行,地圖
高雄市,前鎮區,高雄市前鎮區一心二路30號1樓,拿波萬運動彩券行,地圖
高雄市,前鎮區,高雄市前鎮區復興三路129之4號1樓,龍來發運動彩券行,地圖
高雄市,前鎮區,高雄市前鎮區永豐路18號1樓,祥富運動彩券行,地圖
高雄市,前鎮區,高雄市前鎮區二聖一路41號1樓,億來棒活力運動彩券行,地圖
高雄市,苓雅區,高雄市苓雅區中華四路198號1樓,鑫運運動彩券行,地圖
高雄市,苓雅區,高雄市苓雅區林森二路69號1樓,溫拿運動彩券行,地圖
高雄市,前鎮區,高雄市前鎮區瑞隆路572號1樓,千富運活力運動彩券行,地圖
高雄市,苓雅區,高雄市苓雅區武廟路100號1樓,鴻運當頭運動彩券行,地圖
高雄市,苓雅區,高雄市苓雅區武廟路42-1號1樓,金榮億運動彩券行,地圖
高雄市,旗津區,高雄市旗津區旗津二路419號1樓,超好過運動彩券行,地圖
高雄市,小港區,高雄市小港區平和路3之17號1樓,平和運動彩券行,地圖
高雄市,三民區,高雄市三民區金山路211號1樓,運彩線上彩券,地圖
高雄市,三民區,高雄市三民區建興路234號1樓,逢關必過運動彩券行,地圖
高雄市,鼓山區,高雄市鼓山區九如四路1600號1樓,勝億運彩行,地圖
高雄市,三民區,高雄市三民區建工路806號1樓,首席運動彩券行,地圖
高雄市,左營區,高雄市左營區裕誠路197號1樓,光芒運動彩券行,地圖
高雄市,鼓山區,高雄市鼓山區明倫路143號1樓,彭博運動彩券行,地圖
高雄市,三民區,高雄市三民區民族一路446號1樓,富興龍彩券行,地圖
高雄市,左營區,高雄市左營區孟子路220號1樓,攏來過關運動彩券行,地圖
高雄市,三民區,高雄市三民區自強一路210號1樓,前衛運動彩券行,地圖
高雄市,左營區,高雄市左營區左營大路654號1樓,錢滾滾運動彩券行,地圖
高雄市,左營區,高雄市左營區華夏路1170號1樓,包你發運動彩券行,地圖
高雄市,三民區,高雄市三民區自由一路72號1樓,鑫全耀彩券行,地圖
高雄市,新興區,高雄市新興區民主橫路22號1樓,金棒運動彩券行,地圖
高雄市,新興區,高雄市新興區六合二路61號1樓,熱血戰士運動彩券行,地圖
高雄市,楠梓區,高雄市楠梓區常德路315號1樓,第一線上彩券行,地圖
高雄市,三民區,高雄市三民區建德路74號1樓,穩盈運動彩券行,地圖
高雄市,新興區,高雄市新興區自立一路16號1樓,小巨人運動彩券行,地圖
高雄市,三民區,高雄市三民區平等路97號1樓,滿分運動彩券行,地圖
高雄市,新興區,高雄市新興區八德一路271號1樓,熊發財商行,地圖
高雄市,三民區,高雄市三民區澄和路99號1樓,貴關運動彩券行,地圖
高雄市,左營區,高雄市左營區左營大路167號1樓,煌尚運動彩券行,地圖
高雄市,左營區,高雄市左營區自由三路335號1樓,鑫彩虹運動彩券行,地圖
高雄市,三民區,高雄市三民區天祥一路129號1樓,金生水運動彩券行,地圖
高雄市,三民區,高雄市三民區陽明路106號1樓,運興旺彩券行,地圖
高雄市,三民區,高雄市三民區建工路741號1樓,金緣運動彩券行,地圖
高雄市,三民區,高雄市三民區正興里興昌街83巷15號1樓,興昌滿貫砲運動彩券行,地圖
高雄市,前金區,高雄市前金區中華三路246號1樓,真好過運動彩券行,地圖
高雄市,楠梓區,高雄市楠梓區德賢路222號1樓,德賢運動商行,地圖
高雄市,左營區,高雄市左營區榮佑路67號1樓,一球可吉運動彩券行,地圖
高雄市,三民區,高雄市三民區建興路293號1樓,金大富運動彩券行,地圖
高雄市,三民區,高雄市三民區熱河一街382號1樓,金贏面運動彩券行,地圖
高雄市,三民區,高雄市三民區建興路341號1樓,冠盈運動商行,地圖
高雄市,三民區,高雄市三民區明仁路14號1樓,優勝運動彩券行,地圖
高雄市,三民區,高雄市三民區裕誠路102號1樓,吉家運動彩券行,地圖
高雄市,左營區,高雄市左營區崇德路399號1樓,好萊富運動彩券行,地圖
高雄市,鼓山區,高雄市鼓山區明倫路442號1樓,球鑫運動彩券行,地圖
高雄市,新興區,高雄市新興區和平一路283號1樓,旺客來運動商行,地圖
高雄市,三民區,高雄市三民區建工路571號1樓,金雙贏運動彩券行,地圖
高雄市,左營區,高雄市左營區新庄仔路542號1樓,財滾滾運動彩券行,地圖
高雄市,楠梓區,高雄市楠梓區三山街2號1樓,鉑聖運動彩券行,地圖
高雄市,鼓山區,高雄市鼓山區九如四路702號1樓,鑫泰豐彩券行,地圖
高雄市,新興區,高雄市新興區六合路88號1樓,福特波運動彩券行,地圖
高雄市,楠梓區,高雄市楠梓區樂群路63號1樓,中華運動彩券行,地圖
高雄市,左營區,高雄市左營區自由四路327號1樓,全麥運動彩券行,地圖
高雄市,鼓山區,高雄市鼓山區臨海二路23號1樓,神保佑運動彩券行,地圖
高雄市,新興區,高雄市新興區復興一路70之16號1樓,王者運動彩券行,地圖
高雄市,左營區,高雄市左營區富國路226號1樓,老地方運動彩券行,地圖
高雄市,左營區,高雄市左營區華夏路1267號1樓,黃金腿運動彩券行,地圖
高雄市,楠梓區,高雄市楠梓區後昌路43號1樓,非過不可商行,地圖
高雄市,前金區,高雄市前金區自強三路242號1樓,容易過運動彩券行,地圖
高雄市,楠梓區,高雄市楠梓區惠民路118號1樓,晴天運動彩券行,地圖
高雄市,楠梓區,高雄市楠梓區清豐路211號1樓,鈜運運動彩券行,地圖
高雄市,鼓山區,高雄市鼓山區濱海二路2號1樓,來吧發運動彩券行,地圖
高雄市,三民區,高雄市三民區山東街103號1樓,名人堂運動彩券行,地圖
高雄市,鼓山區,高雄市鼓山區華榮路93號1樓,承旺運動彩券行,地圖
高雄市,楠梓區,高雄市楠梓區後昌路161號1樓,後昌運動商行,地圖
高雄市,左營區,高雄市左營區左營大路300號1樓,攏來中運動彩券行,地圖
高雄市,三民區,高雄市三民區義華路363號1樓,過關發運動彩券行,地圖
高雄市,三民區,高雄市三民區大豐二路353號1樓,億中運動彩券,地圖
高雄市,三民區,高雄市三民區覺民路199號1樓,連過運動彩券行,地圖
高雄市,鼓山區,高雄市鼓山區華榮路558號1樓,鑫皇運動彩券行,地圖
高雄市,三民區,高雄市三民區大昌一路71號1樓,精英運動彩券行,地圖
高雄市,楠梓區,高雄市楠梓區德祥路173號1樓,睏霸領錢運動彩券行,地圖
高雄市,楠梓區,高雄市楠梓區後昌路859號1樓,銓過關運動彩券行,地圖
高雄市,三民區,高雄市三民區大豐二路297號1樓,甄盈運動彩券行,地圖
高雄市,三民區,高雄市三民區瀋陽街133號1樓,揪熱血運動彩券行,地圖
高雄市,左營區,高雄市左營區果峰街39號1樓,金佳旺運動彩券行,地圖
高雄市,楠梓區,高雄市楠梓區德祥路89號1樓,金正賀運動商行,地圖
高雄市,前金區,高雄市前金區自強一路61號1樓,羅納多運動彩券行,地圖
高雄市,三民區,高雄市三民區嫩江街74號1樓,強擊者運動彩券行,地圖
高雄市,楠梓區,高雄市楠梓區樂群路188號1樓,攏來贏錢運動彩券行,地圖
高雄市,三民區,高雄市三民區覺民路598號1樓,鈺修彩券行,地圖
高雄市,三民區,高雄市三民區大昌二路216號1樓,鑫球贏彩券行,地圖
高雄市,左營區,高雄市左營區店仔頂路27號1樓,串關王運動彩券行,地圖
高雄市,楠梓區,高雄市楠梓區瑞屏路10號1樓,貞雄運動彩券行,地圖
高雄市,鼓山區,高雄市鼓山區南屏路534號1樓,金泰旺運動彩券行,地圖
高雄市,左營區,高雄市左營區崇德路259號1樓,全面過運動彩券行,地圖
高雄市,三民區,高雄市三民區鼎中路725號1樓,百面過運動彩券行,地圖
高雄市,左營區,高雄市左營區富國路341號1樓,攏貴啦運動彩券行,地圖
高雄市,新興區,高雄市新興區林森一路163之4號1樓,百營運動彩券行,地圖
高雄市,楠梓區,高雄市楠梓區旗楠路891之1號1樓,旗楠運動商行,地圖
高雄市,左營區,高雄市左營區左營大路419號1樓,火狐狸運動彩券行,地圖
高雄市,新興區,高雄市新興區復興一路4之5號1樓,輝仁運動彩券行,地圖
高雄市,左營區,高雄市左營區富國路428之1號1樓,貴富運動彩券行,地圖
高雄市,三民區,高雄市三民區熱河二街115號1樓,巴賽隆納彩券行,地圖
高雄市,楠梓區,高雄市楠梓區德民路356巷30號之18(1樓),德民運動商行,地圖
高雄市,左營區,高雄市左營區文自路292號1樓,很會踢運動彩券行,地圖
高雄市,三民區,高雄市三民區有光路114號1樓,金勝運動彩券行,地圖
高雄市,新興區,高雄市新興區六合一路39之10號1樓,佳興旺運動彩券行,地圖
高雄市,三民區,高雄市三民區大豐一路367號1樓,晟功運動彩券行,地圖
高雄市,鼓山區,高雄市鼓山區裕興路105號1樓,鑫寶運動彩券行,地圖
高雄市,三民區,高雄市三民區大豐二路496號1樓,金吉祥運動商行,地圖
高雄市,三民區,高雄市三民區九如二路524號1樓,龍鳳運動彩券行,地圖
高雄市,三民區,高雄市三民區北平一街119號1樓,百面贏商行,地圖
高雄市,鼓山區,高雄市鼓山區青海路287號1樓,貴冠運動彩券行,地圖
高雄市,新興區,高雄市新興區林森一路145號1樓,梅西運動彩券行,地圖
高雄市,左營區,高雄市左營區重信路551號1樓,宇旺運動彩券行,地圖
高雄市,前金區,高雄市前金區自立一路15號1樓,逢買必贏彩券行,地圖
高雄市,三民區,高雄市三民區建工路564號1樓,金豪贏運動彩券行,地圖
高雄市,三民區,高雄市三民區建工路306號1樓,贏過面運動彩券行,地圖
高雄市,左營區,高雄市左營區後昌路719號1樓,有心運動彩券行,地圖
高雄市,左營區,高雄市左營區華夏路1765號1樓,泰榮億運動彩券行,地圖
高雄市,楠梓區,高雄市楠梓區建楠路224號1樓,鑫吉富運動彩券行,地圖
高雄市,三民區,高雄市三民區鼎山街594號1樓,宏利運動彩券行,地圖
高雄市,左營區,高雄市左營區富國路110號1樓,金滾滾運動彩券行,地圖
高雄市,三民區,高雄市三民區鼎力路262號1樓,全通財運動彩券行,地圖
高雄市,鼓山區,高雄市鼓山區華榮路201號1樓,金好贏運動彩券行,地圖
高雄市,前金區,高雄市前金區中華三路220之1號1樓,富萬千運動彩券行,地圖
高雄市,三民區,高雄市三民區復興一路157號1樓,鑫展運動彩券行,地圖
高雄市,三民區,高雄市三民區大昌二路46號1樓,好神運動彩券行,地圖
高雄市,左營區,高雄市左營區左營大路78號1樓,順旺運動彩券行,地圖
高雄市,新興區,高雄市新興區六合一路188號1樓,財好旺運動彩券行,地圖
高雄市,左營區,高雄市左營區富民路277號1樓,有錢多多運動彩券行,地圖
高雄市,三民區,高雄市三民區澄和路91號1樓,奔跑吧運動彩券行,地圖
高雄市,左營區,高雄市左營區左營大路401巷43弄6號1樓,詠順運動彩券行,地圖
高雄市,左營區,高雄市左營區富國路96號1樓,鑫昇運動彩券行,地圖
高雄市,左營區,高雄市左營區自由三路278號1樓,金禾運動彩券行,地圖
高雄市,楠梓區,高雄市楠梓區楠都東街127號1樓,金來來運動商行,地圖
高雄市,三民區,高雄市三民區大豐二路138號1樓,泉富運動彩券行,地圖
高雄市,三民區,高雄市三民區文濱路70號1樓,億升運動彩券行,地圖
高雄市,左營區,高雄市左營區富國路137號1樓,全方位運動彩券行,地圖
高雄市,三民區,高雄市三民區大豐二路344號1樓,貝斯凱波運動彩券行,地圖
高雄市,左營區,高雄市左營區左營大路14號1樓,短跑甜心運動彩券行,地圖
高雄市,左營區,高雄市左營區崇德路270號1樓,鬥陣贏運動彩券行,地圖
高雄市,前金區,高雄市前金區六合二路111之2號1樓,勁動力活力運動彩券行,地圖
高雄市,新興區,高雄市新興區青年一路208號1樓,勁來興運動彩券行,地圖
高雄市,前金區,高雄市前金區自強三路215號1樓,精準度運動彩券行,地圖
高雄市,鼓山區,高雄市鼓山區九如四路1133號1樓,佬地方運動彩券行,地圖
高雄市,三民區,高雄市三民區鼎山街227號1樓,晟發運彩行,地圖
高雄市,左營區,高雄市左營區左營大路277之1號1樓,興達運動彩券行,地圖
高雄市,三民區,高雄市三民區鼎中路242號1樓,強發運彩行,地圖
高雄市,前金區,高雄市前金區新田路206號1樓,神旺運動彩券行,地圖
高雄市,三民區,高雄市三民區覺民路564號1樓,常常贏運動彩券行,地圖
高雄市,楠梓區,高雄市楠梓區興楠路71號1樓,達哥運動彩券行,地圖
高雄市,茄萣區,高雄市茄萣區仁愛路三段222號1樓,鑫來贏運動彩券,地圖
高雄市,岡山區,高雄市岡山區壽天路122號1樓,直直過商行,地圖
高雄市,鳳山區,高雄市鳳山區鳳北路46號1樓,金鑫發運動彩券行,地圖
高雄市,路竹區,高雄市路竹區中正路108號1樓,百發百中商行,地圖
高雄市,林園區,高雄市林園區林園北路316號1樓,穩過關運動彩券行,地圖
高雄市,仁武區,高雄市仁武區仁武里中華路55號1樓,金幸運運動彩券行,地圖
高雄市,岡山區,高雄市岡山區嘉興路173號1樓,金探吉運動彩券行,地圖
高雄市,路竹區,高雄市路竹區社西里21鄰大社路69號1樓,貞會中運動彩券行,地圖
高雄市,大樹區,高雄市大樹區久堂里久堂路152號1樓,金福興企業運動彩券行,地圖
高雄市,鳳山區,高雄市鳳山區南榮路266號1樓,鑽多多運動彩券行,地圖
高雄市,仁武區,高雄市仁武區仁雄路11之2號1樓,仁熊運動彩券行,地圖
高雄市,鳥松區,高雄市鳥松區仁美里學堂路111號1樓,金財運運動商行,地圖
高雄市,鳳山區,高雄市鳳山區自強二路1號、1之1號1樓,紅牛運動彩券行,地圖
高雄市,仁武區,高雄市仁武區仁雄路143號1樓,立吉中運動彩券行,地圖
高雄市,岡山區,高雄市岡山區大仁北路202號1樓,佳采彩券行,地圖
高雄市,鳳山區,高雄市鳳山區自強二路98號1樓,正港厲害商行,地圖
高雄市,鳳山區,高雄市鳳山區自強二路248號1樓,大聯盟旺力運動彩券行,地圖
高雄市,大寮區,高雄市大寮區八德路60號1樓,金興旺運動商行,地圖
高雄市,鳳山區,高雄市鳳山區鳳松路1之5號1樓,二刀流運動彩券行,地圖
高雄市,湖內區,高雄市湖內區保生路378號1樓,路鑫彩券行,地圖
高雄市,鳳山區,高雄市鳳山區八德路348號1樓,東豐運動彩券行,地圖
高雄市,仁武區,高雄市仁武區仁和街6號1樓,百面中運動彩券經銷業,地圖
高雄市,岡山區,高雄市岡山區民有路22號1樓,全民運動彩券行,地圖
高雄市,湖內區,高雄市湖內區信義路354號1樓,福來喜運動彩券行,地圖
高雄市,岡山區,高雄市岡山區柳橋東路71號1樓,年少夢運動彩券行,地圖
高雄市,鳳山區,高雄市鳳山區南榮路89號1樓,來樂彩券行,地圖
高雄市,大樹區,高雄市大樹區中興北路8號1樓,佳佳運動商行,地圖
高雄市,鳳山區,高雄市鳳山區中山西路343號1樓,全明星運動彩券行,地圖
高雄市,鳳山區,高雄市鳳山區杭州西街125號1樓,福氣來運動商行,地圖
高雄市,鳳山區,高雄市鳳山區五甲三路31號,樂和商行,地圖
高雄市,鳳山區,高雄市鳳山區三商街57號1樓,富金運動彩券行,地圖
高雄市,仁武區,高雄市仁武區仁雄路69之1號1樓,喬丹運動彩券行,地圖
高雄市,鳳山區,高雄市鳳山區八德路266號1樓,勝利玩家運動彩券行,地圖
高雄市,鳳山區,高雄市鳳山區大明路62號1樓,小飛象運動彩券行,地圖
高雄市,仁武區,高雄市仁武區中華路133號1樓,運來發運動彩券,地圖
高雄市,岡山區,高雄市岡山區公園西路三段97號1樓,金穩住運動彩券行,地圖
高雄市,鳳山區,高雄市鳳山區中山路163號1樓,滿滿發運動彩券行,地圖
高雄市,梓官區,高雄市梓官區港七街73號1樓,得分運動彩券行,地圖
高雄市,旗山區,高雄市旗山區中山路149號1樓,晶英運動彩券行,地圖
高雄市,鳳山區,高雄市鳳山區大明路53之1號1樓,勢必贏運彩行,地圖
高雄市,大社區,高雄市大社區中山路307號1樓,熊福氣商行,地圖
高雄市,旗山區,高雄市旗山區延平一路682號1樓,喜來旺運動彩券行,地圖
高雄市,仁武區,高雄市仁武區仁勇路83號1樓,俊銘運動彩券行,地圖
高雄市,鳳山區,高雄市鳳山區中山路203號1樓,站前運動彩券行,地圖
高雄市,鳳山區,高雄市鳳山區青年路二段398號1樓,時來運轉運動彩券行,地圖
高雄市,鳳山區,高雄市鳳山區光復路一段42號1樓,福爾摩沙運動彩券行,地圖
高雄市,大寮區,高雄市大寮區鳳林三路67號1樓,紅人榜運動彩券,地圖
高雄市,鳳山區,高雄市鳳山區文化西路9號1樓,頭等艙運動彩券行,地圖
高雄市,鳳山區,高雄市鳳山區光復路一段9號1樓,品旺運彩行,地圖
高雄市,岡山區,高雄市岡山區壽華路82號1樓,富玉家財神運動彩券行,地圖
高雄市,鳳山區,高雄市鳳山區八德路267之1號1樓,過關斬將運動彩券行,地圖
高雄市,鳳山區,高雄市鳳山區五甲一路61號1樓,金正旺運動商行,地圖
高雄市,鳳山區,高雄市鳳山區八德路268號1樓,金速希運動彩券行,地圖
高雄市,燕巢區,高雄市燕巢區中興路32號1樓,采旺運動彩券行,地圖
高雄市,鳳山區,高雄市鳳山區新富路502號1樓,五湖四海運彩行,地圖
高雄市,路竹區,高雄市路竹區國昌路39號1樓,龍青運動彩券行,地圖
高雄市,仁武區,高雄市仁武區中正路87號1樓,富野運動彩券行,地圖
高雄市,岡山區,高雄市岡山區岡燕路371號1樓,金順利運動彩券,地圖
高雄市,岡山區,高雄市岡山區平和路47號1樓,金福滿堂,地圖
高雄市,燕巢區,高雄市燕巢區中興路86號1樓,水寶彩券行,地圖
高雄市,鳳山區,高雄市鳳山區五甲一路53之6號1樓,尚旺運彩行,地圖
高雄市,大寮區,高雄市大寮區大寮路853號1樓,大發發運動彩券行,地圖
高雄市,鳳山區,高雄市鳳山區建國路三段207號1樓,金福鑫商行,地圖
高雄市,仁武區,高雄市仁武區八德中路116號1樓,水多多一彩券行,地圖
高雄市,大社區,高雄市大社區中山路461號1樓,皇金運動彩券行,地圖
高雄市,仁武區,高雄市仁武區仁忠路13號1樓,仁忠運動商行,地圖
高雄市,鳳山區,高雄市鳳山區鳳松路74號1樓,球神運動彩券行,地圖
高雄市,大寮區,高雄市大寮區大寮路877號1樓,金正鑫運動商行,地圖
高雄市,鳳山區,高雄市鳳山區光復路116號1樓,金福來運動商行,地圖
高雄市,阿蓮區,高雄市阿蓮區中正路405號1樓,來呀運動彩券行,地圖
高雄市,鳳山區,高雄市鳳山區五甲二路527號1樓,客多多商行,地圖
高雄市,梓官區,高雄市梓官區大舍東路16號1樓,金財神彩券行,地圖
高雄市,鳳山區,高雄市鳳山區中華街39號1樓,鑫佰億企業社,地圖
高雄市,鳳山區,高雄市鳳山區海洋一路128號1樓,好事多多運動彩券行,地圖
高雄市,大樹區,高雄市大樹區中興東路75號1樓,大富運動彩券行,地圖
高雄市,鳳山區,高雄市鳳山區凱旋路306號1樓,眾財運動彩券行,地圖
高雄市,湖內區,高雄市湖內區保生路346之3號1樓,台灣金封王運動彩券行,地圖
高雄市,大社區,高雄市大社區翠屏路1號1樓,水發彩券行,地圖
高雄市,大寮區,高雄市大寮區鳳林三路613號1樓,威財來彩券行,地圖
高雄市,鳳山區,高雄市鳳山區青年路二段490號1樓,喜不完商行,地圖
高雄市,鳳山區,高雄市鳳山區光復路一段69號1樓,喜金欸商行,地圖
高雄市,大寮區,高雄市大寮區山頂路152號1樓,凱貴商行,地圖
高雄市,仁武區,高雄市仁武區仁雄路73-8號1樓,傳奇英雄運動彩券行,地圖
高雄市,鳥松區,高雄市鳥松區本館路92之8號1樓,金來贏運動彩券行,地圖
高雄市,大社區,高雄市大社區中山路12號1樓,兆過運動彩券行,地圖
高雄市,鳳山區,高雄市鳳山區中崙二路489號1樓,吉利中崙運動商行,地圖
高雄市,林園區,高雄市林園區東林西路104號1樓,錢都多商行,地圖
高雄市,鳳山區,高雄市鳳山區中山路6號,龍山旺活力運動彩券行,地圖
高雄市,仁武區,高雄市仁武區澄合街211號1樓,全壘打運動彩券行,地圖
高雄市,鳳山區,高雄市鳳山區中山路137號1樓,旺億運動彩券行,地圖
高雄市,岡山區,高雄市岡山區介壽西路63號1樓,鴻韻運動彩券行,地圖
高雄市,阿蓮區,高雄市阿蓮區中正路438號1樓,金大滿貫運動彩券行,地圖
高雄市,橋頭區,高雄市橋頭區成功南路43號1樓,水多多旺彩券行,地圖
高雄市,鳳山區,高雄市鳳山區林森路83號1樓,樂哈哈商行,地圖
高雄市,鳳山區,高雄市鳳山區青年路二段199號1樓,喜開懷商行,地圖
高雄市,美濃區,高雄市美濃區中正路一段49號1樓,喜氣運動彩券行,地圖
高雄市,橋頭區,高雄市橋頭區隆豐路256號1樓,吉順運動彩券行,地圖
高雄市,林園區,高雄市林園區東林西路109-1號1樓,錢攏來彩券行,地圖
高雄市,林園區,高雄市林園區仁愛路36號1樓,鑫彩發運動彩券行,地圖
高雄市,鳳山區,高雄市鳳山區五甲一路135號1樓,富來發運動彩券行,地圖
高雄市,旗山區,高雄市旗山區華中街20號1樓,金多發運動彩券行,地圖
高雄市,路竹區,高雄市路竹區大社路198號1樓,路竹最旺運動彩券行,地圖
高雄市,大社區,高雄市大社區中山路136號1樓,富盟運動彩券行,地圖
高雄市,大寮區,高雄市大寮區大寮路509號1樓,樂鑨運動彩券行,地圖
高雄市,岡山區,高雄市岡山區大德一路37號1樓,宇宙運動彩券行,地圖
高雄市,大寮區,高雄市大寮區中正路3之2號1樓,金正讚運動彩券行,地圖
高雄市,鳳山區,高雄市鳳山區武營路192號1樓,旺來富活力運動彩券行,地圖
高雄市,仁武區,高雄市仁武區永仁街245號1樓,好運氣運動彩券行,地圖
高雄市,鳳山區,高雄市鳳山區海洋二路118號1樓,金豪運運動彩券行,地圖
高雄市,鳳山區,高雄市鳳山區南華路91號1樓,勁南華運動彩券行,地圖
高雄市,茄萣區,高雄市茄萣區仁愛路三段226號1樓,財富金旺運動彩券行,地圖
高雄市,林園區,高雄市林園區林園北路501號1樓,運通運動彩券行,地圖
高雄市,鳳山區,高雄市鳳山區鳳松路360號1樓,必贏運動彩券行,地圖
高雄市,鳳山區,高雄市鳳山區自強二路96號1樓,正港好中商行,地圖
高雄市,鳳山區,高雄市鳳山區五甲二路671號1樓,時來運轉商行,地圖
高雄市,鳳山區,高雄市鳳山區中崙四路2號1樓,金牌運動彩券行,地圖
高雄市,美濃區,高雄市美濃區中正路一段60號1樓,金來財運動彩券行,地圖
高雄市,路竹區,高雄市路竹區中華路84號1樓,福運連連運動彩券行,地圖
高雄市,旗山區,高雄市旗山區延平一路655之2號1樓,旗開得勝商行,地圖
高雄市,茄萣區,高雄市茄萣區忠孝街142-7號1樓,億萬運動彩券行,地圖
台中市,北區,台中市北區進化北路146號1樓,甘肅財神運動彩券行,地圖
台中市,西屯區,台中市西屯區大鵬路37號1樓,強棒運動彩券行,地圖
台中市,西屯區,台中市西屯區西屯路三段159之10之6號1樓,金財庫運動彩券行,地圖
台中市,北屯區,台中市北屯區太原路三段167號1樓,豪駿運動彩券行,地圖
台中市,北區,台中市北區北平路二段125號1樓,麒勝運動彩券行,地圖
台中市,北區,台中市北區永興街96號1樓,奪冠王運動彩券行,地圖
台中市,北區,台中市北區北平路二段169號1樓,呈銀嘉運動彩券,地圖
台中市,西屯區,台中市西屯區福雅路137巷1號1樓,惠中千百億運動彩券行,地圖
台中市,西屯區,台中市西屯區上安路60-1號1樓,博贏商行,地圖
台中市,西屯區,台中市西屯區西屯路二段320號1樓,中工財神運動彩券行,地圖
台中市,北區,台中市北區健行路580號1樓,泰穩運動彩券行,地圖
台中市,北區,台中市北區三民路三段253號,炫富運彩館,地圖
台中市,西屯區,台中市西屯區大隆路147號1樓,金連發運動彩券行,地圖
台中市,北區,台中市北區進化路423號1樓,樂財堡運動彩券行,地圖
台中市,北屯區,台中市北屯區東山路一段369之15號1樓,金崍發運動彩券,地圖
台中市,北屯區,台中市北屯區四平路260號1樓,長鴻運動彩券行,地圖
台中市,西屯區,台中市西屯區福順路306號1樓,金福順運動彩券行,地圖
台中市,西屯區,台中市西屯區河南路二段76號1樓,錢來富運動彩券行,地圖
台中市,北屯區,台中市北屯區同榮路163號1樓,一六三運動彩券行,地圖
台中市,西屯區,台中市西屯區福星路226號1樓,金達旺運動彩券行,地圖
台中市,北屯區,台中市北屯區山西路二段246號1樓,陽光運動彩券行,地圖
台中市,北屯區,台中市北屯區昌平路二段1-18號1樓,源泰運動彩券行,地圖
台中市,西屯區,台中市西屯區長安路二段132-1號1樓,百發百中運動行,地圖
台中市,北屯區,台中市北屯區大連路三段86號1樓,永福運動彩券行,地圖
台中市,北屯區,台中市北屯區大連路三段28號1樓,為鑫運動彩券行,地圖
台中市,北區,台中市北區進化北路111號1樓,蓁蓁運動彩券行,地圖
台中市,北區,台中市北區西屯路一段347-2號1樓,北區財財運動彩券行,地圖
台中市,北屯區,台中市北屯區敦化路一段459號1樓,億直贏運動彩券行,地圖
台中市,北屯區,台中市北屯區興安路一段246號1樓,金賈旺運動彩券行,地圖
台中市,北區,台中市北區中清路一段13號1樓,祥發運動彩券行,地圖
台中市,北區,台中市北區太平路105號1樓,樂福運動彩券行,地圖
台中市,西屯區,台中市西屯區西屯路二段2號1樓,招財喵運動彩券,地圖
台中市,北區,台中市北區中清路一段29號1樓,錢旺旺運動彩券,地圖
台中市,西屯區,台中市西屯區重慶路161號1樓,天水運動彩券行,地圖
台中市,西屯區,台中市西屯區漢口路一段151號1樓,歡喜來運動彩券,地圖
台中市,西屯區,台中市西屯區福科路927號1樓,真旺運動彩券行,地圖
台中市,北屯區,台中市北屯區大鵬路22號1樓,纓纓美黛子運動彩券行,地圖
台中市,西屯區,台中市西屯區河南路二段476號1樓,金鑽石運動彩券,地圖
台中市,西屯區,台中市西屯區黎明路三段427號1樓,紅心運動彩券行,地圖
台中市,北區,台中市北區民權路472-2號1樓,一值轟運動彩券行,地圖
台中市,西屯區,台中市西屯區朝富路266號1樓,台中七期運動彩券行,地圖
台中市,西屯區,台中市西屯區福雅路101號1樓,寶健運動彩券行,地圖
台中市,北區,台中市北區健行路867號1樓,泳昌運彩行,地圖
台中市,北屯區,台中市北屯區瀋陽路三段348號1樓,多進富運動彩券行,地圖
台中市,北區,台中市北區北平路二段40號1樓,山冠王投注站,地圖
台中市,西屯區,台中市西屯區成都路229號1樓,二二九運動彩券行,地圖
台中市,北區,台中市北區篤行路214號1樓,總盈運動彩券行,地圖
台中市,西屯區,台中市西屯區西屯路二段259-7號1樓,明星運動彩券行,地圖
台中市,西屯區,台中市西屯區福星路640號1樓,鑫福星運動彩券商行,地圖
台中市,西屯區,台中市西屯區長安路二段159號1樓,西屯世界杯線上投注運動彩券,地圖
台中市,北屯區,台中市北屯區北屯路293號1樓,太祖運動彩券行,地圖
台中市,北屯區,台中市北屯區崇興路一段30號1樓,龍易發運動彩券行,地圖
台中市,北屯區,台中市北屯區東山路一段87號1樓,金飛來運動彩券,地圖
台中市,西屯區,台中市西屯區工業區一路34號1樓,包贏運動彩券行,地圖
台中市,西屯區,台中市西屯區逢明街1號1樓,冠勝運動彩券行,地圖
台中市,北屯區,台中市北屯區松義街147號1樓,信望愛運動彩券行,地圖
台中市,西屯區,台中市西屯區西屯路二段249-6號1樓,來爾發運動彩券行,地圖
台中市,北屯區,台中市北屯區昌平路二段5-19號1樓,北屯世界杯線上投注運動彩券,地圖
台中市,西屯區,台中市西屯區青海路一段3之1號1樓,大發富貴運動彩券行,地圖
台中市,北屯區,台中市北屯區昌平路一段224號1樓,第一贏運動彩券行,地圖
台中市,北屯區,台中市北屯區崇德二路一段142-6號1樓,地表最強運動彩券,地圖
台中市,北區,台中市北區漢口路三段233號1樓,億齊發運動彩券,地圖
台中市,西屯區,台中市西屯區漢口路二段28號1樓,真好運運動彩券行,地圖
台中市,西屯區,台中市西屯區福星路472號1樓,福星財神運動彩券行,地圖
台中市,北區,台中市北區北屯路63之1號1樓,超大富貴運動彩券行,地圖
台中市,西屯區,台中市西屯區西屯路二段258之24號1樓,超級部隊運動彩券行,地圖
台中市,北屯區,台中市北屯區北平路三段83號1樓,順進億運動彩券行,地圖
台中市,北屯區,台中市北屯區軍功路二段98號1樓,雅富運動彩券行,地圖
台中市,北屯區,台中市北屯區遼寧路一段616號1樓,世界運動彩券行,地圖
台中市,西屯區,台中市西屯區臺灣大道四段560號1樓,一定發運動彩券行,地圖
台中市,北屯區,台中市北屯區大連路三段203號1樓,發發發運動彩券行,地圖
台中市,西屯區,台中市西屯區黎明路三段112號1樓,淾森烓運彩行,地圖
台中市,北屯區,台中市北屯區大連路一段179號1樓,金樂穎運動彩券行,地圖
台中市,北區,台中市北區天津路二段113號1樓,為炘運動彩券行,地圖
台中市,西屯區,台中市西屯區福星路309號1樓,金招財運動彩券行,地圖
台中市,西屯區,台中市西屯區長安路二段120號1樓,英雄榜運動彩券行,地圖
台中市,西屯區,台中市西屯區西屯路三段166-4號1樓,發財啦運動彩券行,地圖
台中市,西屯區,台中市西屯區河南路二段432之3號1樓,逢甲第一彩券行,地圖
台中市,西屯區,台中市西屯區福科路932號1樓,盈全運動彩券行,地圖
台中市,北區,台中市北區學士路153之1號1樓,永富運動彩券行,地圖
台中市,北屯區,台中市北屯區北祥街2號1樓,皇富運動彩券行,地圖
台中市,北屯區,台中市北屯區興安路二段27號1樓,佑榮銀運動彩券,地圖
台中市,西屯區,台中市西屯區中工三路192號1樓,金中億商行,地圖
台中市,西屯區,台中市西屯區青海路一段54號1樓,百富錸運動彩券行,地圖
台中市,北屯區,台中市北屯區陳平路41號1樓,禧發運動彩券行,地圖
台中市,北屯區,台中市北屯區松竹路二段100號1樓,北屯鑽大錢運動彩券行,地圖
台中市,西屯區,台中市西屯區永福路25號1樓,永鈺運動彩券行,地圖
台中市,北屯區,台中市北屯區中清路二段697號1樓,金五吉運動彩券行,地圖
台中市,北屯區,台中市北屯區軍功路一段479號1樓,旺德福運動彩券,地圖
台中市,北屯區,台中市北屯區北平路三段131號1樓,文心財神運動彩券行,地圖
台中市,西屯區,台中市西屯區西屯路三段159之10號1樓,利富旺彩券行,地圖
台中市,西屯區,台中市西屯區西屯路三段159之9號1樓,正旺運動彩券行,地圖
台中市,西屯區,台中市西屯區中工三路118號1樓,金彩發運動彩券行,地圖
台中市,西屯區,台中市西屯區河南路二段326號1樓,鑫好富運動彩券行,地圖
台中市,西屯區,台中市西屯區漢口路二段81號1樓,曼尼運動彩券行,地圖
台中市,西屯區,台中市西屯區重慶路181號1樓,金旺發運動彩券行,地圖
台中市,西屯區,台中市西屯區中工三路218號1樓,興旺發運動彩券行,地圖
台中市,西屯區,台中市西屯區西屯路二段274之6號1樓,鑫寶財神發運動彩券行,地圖
台中市,北屯區,台中市北屯區昌平路一段47號1樓,富貴錸運動彩券,地圖
台中市,西屯區,台中市西屯區中工三路43號1樓,五福臨門運動彩券行,地圖
台中市,西屯區,台中市西屯區中平路170號1樓,冠軍運動彩券行,地圖
台中市,北屯區,台中市北屯區興安路二段500號1樓,順元運動彩券行,地圖
台中市,北屯區,台中市北屯區中清路二段81號1樓,大贏家商行,地圖
台中市,北區,台中市北區崇德路一段240號1樓,馬立運動彩券行,地圖
台中市,北區,台中市北區漢口路四段22號1樓,錢進運動彩券行,地圖
台中市,西屯區,台中市西屯區黎明路三段355號1樓,黎明千倍運動彩券行,地圖
台中市,北屯區,台中市北屯區梅川西路四段282號1樓,拳中運動彩券行,地圖
台中市,北屯區,台中市北屯區東光路726號、728號1樓,萬豪運動彩券行,地圖
台中市,西屯區,台中市西屯區永福路31號1樓,守富運動彩券行,地圖
台中市,北區,台中市北區進化路577號1樓,聚瑞富運動彩券行,地圖
台中市,北屯區,台中市北屯區中清路二段812號1樓,金正強運動彩券行,地圖
台中市,北區,台中市北區民權路468號1樓,財攏來運動彩券行,地圖
台中市,北屯區,台中市北屯區漢口路五段73號1樓,億來發運動彩券,地圖
台中市,西屯區,台中市西屯區長安路二段7號1樓,易勝運動彩券行,地圖
台中市,北屯區,台中市北屯區天津路三段123號1樓,萬億富運動彩券行,地圖
台中市,南區,台中市南區南平路35-20號1樓,何大智運動彩券行,地圖
台中市,南區,台中市南區高工路98號1樓,長瑩運動彩券行,地圖
台中市,中區,台中市中區中華路一段82號1樓,天天贏運動彩券行,地圖
台中市,南屯區,台中市南屯區黎明路一段197號1樓,曾多倍彩券行,地圖
台中市,南屯區,台中市南屯區忠勇路34-4號1樓,好事發商行,地圖
台中市,南屯區,台中市南屯區黎明路一段1159號1樓,吉又利運動彩券行,地圖
台中市,東區,台中市東區建成路643號1樓,進來富貴運動彩券行,地圖
台中市,東區,台中市東區精武路149號1樓,來富貴運動彩券行,地圖
台中市,南區,台中市南區忠明南路730巷27號,歐賺運動彩券行,地圖
台中市,南屯區,台中市南屯區東興路二段105號1樓,東興財神運動彩券行,地圖
台中市,南屯區,台中市南屯區黎明路一段1203號,億萬來運動彩券行,地圖
台中市,南屯區,台中市南屯區大墩路54號1樓,時來富貴運動彩券行,地圖
台中市,東區,台中市東區十甲路497號1樓,馬卡龍運動彩券行,地圖
台中市,南屯區,台中市南屯區忠勇路52之263號1樓,隆贏運動彩券行,地圖
台中市,南屯區,台中市南屯區黎明路二段361號1樓,鑫多富運動彩券行,地圖
台中市,南區,台中市南區復興路一段412號1樓,錢錝來運動彩券行,地圖
台中市,南屯區,台中市南屯區向上路一段692號1樓,迎財家運動彩券行,地圖
台中市,南屯區,台中市南屯區大墩七街208號1樓,鑫竑發運動彩券行,地圖
台中市,南屯區,台中市南屯區文山九街75、77號1樓,贏家購運動彩券行,地圖
台中市,南區,台中市南區復興路三段192號1樓,樂樂旺運動彩券行,地圖
台中市,西區,台中市西區向上路一段446號1樓,一輩子球迷運動彩券行,地圖
台中市,南區,台中市南區文心南路747號1樓,英雄豪傑運動彩券行,地圖
台中市,南區,台中市南區大慶街二段6-9號1樓,大慶財神運動彩券行,地圖
台中市,西區,台中市西區三民路一段117、119號1樓,錢滾滾運動彩券,地圖
台中市,西區,台中市西區精誠路39-7號1樓,享盈運動彩券,地圖
台中市,東區,台中市東區自由路三段322號1樓,金來寶運動彩券行,地圖
台中市,中區,台中市中區中華路二段45號1樓,鑫中華運動彩券行,地圖
台中市,西區,台中市西區五廊街126號1樓,財進富運動彩券行,地圖
台中市,西區,台中市西區東興路三段200號1樓,萬事順心運動彩券行,地圖
台中市,西區,台中市西區忠明路22號1樓,贏錢運動彩券行,地圖
台中市,西區,台中市西區精誠路89號1樓,錢寶寶運動彩券行,地圖
台中市,西區,台中市西區美村路一段48號1樓,富友運動彩券行,地圖
台中市,西區,台中市西區美村路一段184號1樓,惠中金戈戈運動彩券行,地圖
台中市,南區,台中市南區建成路1711號1樓，建成路1713巷2號1樓,吉宗來運動彩券行,地圖
台中市,中區,台中市中區成功路341號1樓,大滿冠運動彩券行,地圖
台中市,西區,台中市西區向上路一段271號1樓,八八發運動彩券,地圖
台中市,中區,台中市中區綠川西街157號1樓,金好運運動彩券行,地圖
台中市,西區,台中市西區忠明南路360號1樓,立仲運動彩券,地圖
台中市,南屯區,台中市南屯區大墩路740號1樓,大墩財神運動彩券行,地圖
台中市,南屯區,台中市南屯區向心南路952號,協發運動彩券行,地圖
台中市,南區,台中市南區工學一街159號1樓,鏢準運動彩券行,地圖
台中市,南屯區,台中市南屯區忠勇路115-3號1樓,億起發運動彩券行,地圖
台中市,南屯區,台中市南屯區黎明路二段353號1樓,惠中千百萬運動彩券行,地圖
台中市,南屯區,台中市南屯區嶺東路802號1樓,全達發運動彩券行,地圖
台中市,西區,台中市西區民生路201號1樓,企鵝運動彩券行,地圖
台中市,東區,台中市東區振興路407號1樓,天降財運動彩券行,地圖
台中市,東區,台中市東區建成路356號1樓,萊富貴運動彩券行,地圖
台中市,南屯區,台中市南屯區大業路381號1樓,向新力彩券投注站,地圖
台中市,中區,台中市中區篤行路19之1號1樓、中華西街116號1樓,大獎來運動彩券行,地圖
台中市,南屯區,台中市南屯區東興路二段275號1樓,東興彩券行,地圖
台中市,西區,台中市西區美村路一段640號1樓,來得富運動彩券行,地圖
台中市,南屯區,台中市南屯區黎明路二段250號1樓,千倍壹陸發運動彩券行,地圖
台中市,南區,台中市南區工學路143號1樓,富甲運動彩券行,地圖
台中市,南屯區,台中市南屯區文昌街178號1樓,好棒棒運動彩券行,地圖
台中市,南屯區,台中市南屯區東興路三段199號1樓,吾億發運彩行,地圖
台中市,南區,台中市南區美村南路109號1樓,聚財寶運動彩券行,地圖
台中市,南屯區,台中市南屯區大墩路9號1樓,賺賺賺運動彩券行,地圖
台中市,東區,台中市東區十甲路258號,好運到運動彩券行,地圖
台中市,南屯區,台中市南屯區黎明路二段157號1樓,羽佳運動彩券行,地圖
台中市,南屯區,台中市南屯區忠勇路23號1樓,金順運動彩券行,地圖
台中市,中區,台中市中區三民路二段117號1樓,大吉利運動彩券行,地圖
台中市,中區,台中市中區民權路130號1樓,吉祥運動彩券行,地圖
台中市,南區,台中市南區大慶街二段17號1樓,英超彩券行,地圖
台中市,南屯區,台中市南屯區黎明路一段353號1樓,恆富運動彩券行,地圖
台中市,南區,台中市南區高工路231號1樓,長虹運動彩券,地圖
台中市,南屯區,台中市南屯區黎明路一段1004號1樓,豪小子運動彩券行,地圖
台中市,南區,台中市南區復興路三段122之3號1樓,金上億運動彩券行,地圖
台中市,東區,台中市東區進德路70號1樓,首富運動彩券行,地圖
台中市,中區,台中市中區中華路一段79號1樓,錢來野商行,地圖
台中市,南區,台中市南區美村路二段252-5號1樓,響叮噹彩券行,地圖
台中市,中區,台中市中區臺灣大道一段242號1樓,彩滿天運動彩券行,地圖
台中市,南屯區,台中市南屯區黎明路二段166號1樓,荳荳運動彩券行,地圖
台中市,東區,台中市東區振興路373之1號1樓,超富貴運動彩券行,地圖
台中市,中區,台中市中區自由路二段129-3、129-4、129-13號1樓,錢街運動彩券行,地圖
台中市,南區,台中市南區正氣街62號1樓,金吉運運動彩券行,地圖
台中市,西區,台中市西區精誠路254號1樓,全順發運彩行,地圖
台中市,西區,台中市西區精誠路307-8號1樓,福氣來運動彩券,地圖
台中市,南屯區,台中市南屯區黎明路一段1025號1樓,亮亮運動彩券行,地圖
台中市,西區,台中市西區忠明南路27-1號1樓,泉中運動彩券行,地圖
台中市,南屯區,台中市南屯區黎明路一段150號1樓,豪賺運動彩券行,地圖
台中市,中區,台中市中區成功路234號1樓,向日光運動彩券行,地圖
台中市,西區,台中市西區公益路375號1樓,彩淇運動彩券,地圖
台中市,西區,台中市西區中美街241號1樓,金吉祥運動彩券,地圖
台中市,南屯區,台中市南屯區永春東路231號1樓,財神旺運動彩券行,地圖
台中市,東區,台中市東區台中路403-3號1樓,皇家運動彩券行,地圖
台中市,東區,台中市東區自由路三段45號1樓,樂樂運動彩券行,地圖
台中市,西區,台中市西區民生路511號1樓,賺滿滿彩券行,地圖
台中市,西區,台中市西區南屯路一段35-2號1樓,億進聯合彩券商行,地圖
台中市,南區,台中市南區工學路58巷2號1樓,串關王運動彩券行,地圖
台中市,東區,台中市東區復興路四段88號1樓,捷報運動彩券行,地圖
台中市,東區,台中市東區自由路三段123號1樓,自由運動彩券行,地圖
台中市,西區,台中市西區美村路一段277號1樓,波賽頓運動彩券行,地圖
台中市,南屯區,台中市南屯區東興路二段20號1樓,一值旺運動彩券行,地圖
台中市,西區,台中市西區中美街397號1樓,先得勝運動彩券行,地圖
台中市,南區,台中市南區學府路103號1樓,歐噴獎運動彩券行,地圖
台中市,西區,台中市西區忠明南路181之4號1樓,瑪莉珍運動彩券,地圖
台中市,東區,台中市東區大智路82號1樓,東大勝運動彩券行,地圖
台中市,西區,台中市西區中美街273號1樓,運來旺運動彩券行,地圖
台中市,南屯區,台中市南屯區黎明路二段230號1樓,億起富運動彩券行,地圖
台中市,南屯區,台中市南屯區向上路一段639號1樓,金萊富運動彩券行,地圖
台中市,東區,台中市東區大智路59之1號1樓,財來旺運動彩券行,地圖
台中市,南區,台中市南區復興路三段315號1樓,利愛發運動彩券行,地圖
台中市,南區,台中市南區南門路37號1樓,錢町運動彩券行,地圖
台中市,大甲區,台中市大甲區光明路232號1樓,旺得福運動彩券行,地圖
台中市,太平區,台中市太平區精美路2號1樓,鉅富運動彩券行,地圖
台中市,大里區,台中市大里區大明路266號1樓,驚天致富運動彩券行,地圖
台中市,霧峰區,台中市霧峰區中正路825號1樓,福滿貫運動彩券行,地圖
台中市,潭子區,台中市潭子區榮興街59號1樓,億客萊彩券行,地圖
台中市,大里區,台中市大里區國光路二段312號1樓,超級富貴運動彩券行,地圖
台中市,潭子區,台中市潭子區圓通南路21號1樓,好運連發運動彩券行,地圖
台中市,大里區,台中市大里區至善路169號1樓,碰碰福運動彩券行,地圖
台中市,霧峰區,台中市霧峰區四德路449之2號1樓,金牌獎運動彩券行,地圖
台中市,豐原區,台中市豐原區源豐路107號1樓,宏鈺運動彩券投注站,地圖
台中市,豐原區,台中市豐原區成功路259號1樓,百戰百勝彩券行,地圖
台中市,潭子區,台中市潭子區潭興路二段444號1樓,奪標運動彩券行,地圖
台中市,大里區,台中市大里區大明路336號1樓,大富轟運動彩券行,地圖
台中市,太平區,台中市太平區中山路四段114號1樓,佐賀野人運動彩券行,地圖
台中市,潭子區,台中市潭子區勝利路75號1樓,運旺旺運彩行,地圖
台中市,太平區,台中市太平區永成北路191號1樓,財富自由運動彩券行,地圖
台中市,沙鹿區,台中市沙鹿區光華路317號1樓,壹間運動彩券行,地圖
台中市,大甲區,台中市大甲區經國路1878號1樓,好運連連運動彩券行,地圖
台中市,太平區,台中市太平區中山路一段386號1樓,勤益運動彩券行,地圖
台中市,太平區,台中市太平區中山路三段15號,金福星運動彩券行,地圖
台中市,霧峰區,台中市霧峰區中正路920號1樓,來發財運動彩券行,地圖
台中市,大里區,台中市大里區益民路二段272號1樓,鑫來富運動彩券行,地圖
台中市,清水區,台中市清水區五權路32-2號1樓,佑昇運動彩券行,地圖
台中市,豐原區,台中市豐原區博愛街8號1樓,富游四海商行,地圖
台中市,潭子區,台中市潭子區頭張路二段28號1樓,佰仟億運動彩券行,地圖
台中市,太平區,台中市太平區宜昌路517號1樓,佰面開運動彩券行,地圖
台中市,大里區,台中市大里區中興路二段214號1樓,爆米發運動彩券行,地圖
台中市,太平區,台中市太平區中山路四段178號1樓,聚萬財運動彩券行,地圖
台中市,霧峰區,台中市霧峰區四德路410之2號1樓,霧峰財財運動彩券行,地圖
台中市,烏日區,台中市烏日區光日路176號1樓,鑫滿億運動彩券行,地圖
台中市,大雅區,台中市大雅區中清東路165號1樓,金好雅彩券行,地圖
台中市,龍井區,台中市龍井區新興路96-9號1樓,千百萬商行,地圖
台中市,大里區,台中市大里區成功路491號1樓,愛享樂運動彩券行,地圖
台中市,大里區,台中市大里區東里路28號1樓,吉立加運動彩券行,地圖
台中市,沙鹿區,台中市沙鹿區沙田路166號1樓,京彩運動彩券行,地圖
台中市,太平區,台中市太平區中山路四段214號1樓,立國運動彩券行,地圖
台中市,大雅區,台中市大雅區中清東路136號1樓,金錢爆商行,地圖
台中市,神岡區,台中市神岡區中山路1384號1樓,宏源運動彩券投注站,地圖
台中市,大里區,台中市大里區成功路558號1樓,獎樂多運動彩券行,地圖
台中市,太平區,台中市太平區大源路20之6號1樓,發財樂運動彩券行,地圖
台中市,豐原區,台中市豐原區向陽路375號1樓,向陽紅運動彩券行,地圖
台中市,豐原區,台中市豐原區圓環東路801號1樓,全過運動彩券行,地圖
台中市,太平區,台中市太平區樹孝路99號1樓,鑽錢王運動彩券行,地圖
台中市,太平區,台中市太平區樹孝路463號1樓,滿天鑫運動彩券行,地圖
台中市,太平區,台中市太平區新仁路一段178號1樓,滿贏家運動彩券行,地圖
台中市,大里區,台中市大里區塗城路786號1樓,樂賺運動彩券行,地圖
台中市,神岡區,台中市神岡區中山路748號1樓,宥迎運動彩券行,地圖
台中市,東勢區,台中市東勢區三民街51號1樓,必勝運動彩券行,地圖
台中市,豐原區,台中市豐原區中正路723號1樓,大勝運動彩券行,地圖
台中市,大雅區,台中市大雅區雅環路一段269號1樓,鑫順運動彩券行,地圖
台中市,后里區,台中市后里區甲后路一段299號1樓,真愛來彩券行,地圖
台中市,豐原區,台中市豐原區圓環東路400號1樓,王冠運動彩券行,地圖
台中市,沙鹿區,台中市沙鹿區中山路266號之1一樓,鈔強利運動彩券行,地圖
台中市,梧棲區,台中市梧棲區雲集街41號1樓,一路贏運動彩券行,地圖
台中市,龍井區,台中市龍井區沙田路六段257號1樓,百萬金運動彩券行,地圖
台中市,沙鹿區,台中市沙鹿區英才路16號1樓,爆發富運動彩券行,地圖
台中市,霧峰區,台中市霧峰區中正路896號1樓,豪贏家運動彩券行,地圖
台中市,神岡區,台中市神岡區中山路460號1樓,金明運動彩券投注站,地圖
台中市,龍井區,台中市龍井區國際街151號1樓,闔家運動彩券行,地圖
台中市,大雅區,台中市大雅區雅潭路四段98號1樓,國王運動彩券行,地圖
台中市,梧棲區,台中市梧棲區居仁街209巷1號1樓,龍億發運動彩券行,地圖
台中市,沙鹿區,台中市沙鹿區中山路411號1樓,聚贏家運動彩券行,地圖
台中市,霧峰區,台中市霧峰區四德路449號,總冠軍運動彩券行,地圖
台中市,梧棲區,台中市梧棲區中央路一段813號1樓,金滿冠運動彩券行,地圖
台中市,大里區,台中市大里區中興路一段292之7號1樓,飛來富貴運彩行,地圖
台中市,太平區,台中市太平區長億路26號1樓,日喜運動彩券行,地圖
台中市,大甲區,台中市大甲區蔣公路149號1樓,穩中勝運動彩券行,地圖
台中市,太平區,台中市太平區中山路三段35號,眾贏運動彩券行,地圖
台中市,大甲區,台中市大甲區蔣公路52號1樓,珠光寶贏運動彩券行,地圖
台中市,大肚區,台中市大肚區沙田路三段222號1樓,千倍賺運彩投注站,地圖
台中市,太平區,台中市太平區中山路三段70號1樓,一注即發運動彩券行,地圖
台中市,龍井區,台中市龍井區遊園南路31號1樓,佰吉運動彩券行,地圖
台中市,大里區,台中市大里區永隆路525號1樓,行大運動彩券行,地圖
台中市,大里區,台中市大里區益民路二段310號1樓,長紅運動彩券,地圖
台中市,大里區,台中市大里區成功路487號1樓,獨樂樂運動彩券行,地圖
台中市,東勢區,台中市東勢區三民街238號1樓,金鑫鑫運動投注站,地圖
台中市,東勢區,台中市東勢區豐勢路551號1樓,來富發運動彩券行,地圖
台中市,豐原區,台中市豐原區中山路492號1樓,喜來福運動彩券行,地圖
台中市,沙鹿區,台中市沙鹿區鎮南路二段231號1樓,鑫旺運動投注站,地圖
台中市,豐原區,台中市豐原區田心路二段224號1樓,贏錢來運動彩券行,地圖
台中市,烏日區,台中市烏日區信義街188號1樓,正達紅運動彩券行,地圖
台中市,太平區,台中市太平區中平路99號1樓,錢多多運動彩券行,地圖
台中市,龍井區,台中市龍井區新興路49-2號1樓,真正讚運動彩券行,地圖
台中市,大里區,台中市大里區大明路352號1樓,來就發運彩商行,地圖
台中市,太平區,台中市太平區中興路142號1樓,賜鑫運動彩券行,地圖
台中市,清水區,台中市清水區新興路140號1樓,鑫鑫寶運動彩券行,地圖
台中市,大里區,台中市大里區塗城路95號,心慧運動彩券行,地圖
台中市,清水區,台中市清水區中山路461之4號1樓,雙贏運動彩券行,地圖
台中市,太平區,台中市太平區光興路638號1樓,多財多億運動彩券行,地圖
台中市,神岡區,台中市神岡區豐洲路447號1樓,贏千倍運動彩券行,地圖
台中市,后里區,台中市后里區甲后路一段738號1樓,來就贏運動彩券行,地圖
台中市,豐原區,台中市豐原區成功路155之5號1樓,祥興運動彩券行,地圖
台中市,太平區,台中市太平區東村路109號1樓,旺旺隊運動彩券行,地圖
台中市,豐原區,台中市豐原區成功路183號1樓,錢聯盟運動彩券行,地圖
台中市,大雅區,台中市大雅區神林南路112號1樓,大雅財財運動彩券行,地圖
台中市,霧峰區,台中市霧峰區中正路888號1樓,來發發運動彩券行,地圖
台中市,大甲區,台中市大甲區雁門路4號1樓,足賺運動彩券行,地圖
台中市,潭子區,台中市潭子區雅潭路一段54號1樓,富通樂運動彩券行,地圖
台中市,大里區,台中市大里區塗城路357號1樓,開運運動彩券行,地圖
台中市,豐原區,台中市豐原區豐東路331號1樓,方欣運動彩券行,地圖
台中市,大里區,台中市大里區益民路二段218號1樓,財運亨通運動彩券行,地圖
台中市,烏日區,台中市烏日區中華路22號1樓,中華財神運動彩券行,地圖
台中市,潭子區,台中市潭子區大豐路三段113號1樓,鼎川運動彩券行,地圖
台中市,烏日區,台中市烏日區信義街169號1樓,千倍過關運動彩券行,地圖
台中市,豐原區,台中市豐原區富春街110號1樓,棋開得勝運動彩券行,地圖
台中市,大甲區,台中市大甲區順天路179號1樓,大甲財神運動彩券行,地圖
台中市,烏日區,台中市烏日區五光路976號1樓,轉角金爆運動彩券行,地圖
台中市,大雅區,台中市大雅區中清路四段40號1樓,柒捌捌玖運動彩券行,地圖
台中市,太平區,台中市太平區樹孝路59號1樓,好運雙贏運動彩券行,地圖
台中市,大里區,台中市大里區中興路二段169號1樓,鑫聚富運動彩券行,地圖
台中市,豐原區,台中市豐原區向陽路90號1樓,佰威運動彩券行,地圖
台中市,龍井區,台中市龍井區新興路40之3號1樓,陸陸陸運動彩券行,地圖
台中市,烏日區,台中市烏日區溪南路一段555號1樓,金喜來運動彩券行,地圖
台中市,大雅區,台中市大雅區學府路473號1樓,財賺賺運動彩券行,地圖
台中市,大甲區,台中市大甲區黎明路3-4號1樓,黎明運動彩券行,地圖
台中市,潭子區,台中市潭子區潭興路二段405號1樓,潭興財神運動彩券行,地圖
台中市,潭子區,台中市潭子區福潭路657號1樓,勝利財神運動彩券行,地圖
台中市,太平區,台中市太平區樹孝路89號1樓,金大發運動彩券行,地圖
台中市,沙鹿區,台中市沙鹿區中清路五段585號1樓,元陞發運動彩券行,地圖
台中市,豐原區,台中市豐原區豐東路81號1樓,吉富貴運動彩券行,地圖
台中市,烏日區,台中市烏日區建國路403號1樓,長利運動彩券行,地圖
台中市,太平區,台中市太平區樹德路128號1樓,金豪運運動彩券行,地圖
台中市,大里區,台中市大里區中興路二段595號1樓,天天富貴運動彩券行,地圖
台中市,太平區,台中市太平區新興路139號1樓,金錢抱運動彩券行,地圖
台中市,潭子區,台中市潭子區勝利路105號1樓,洋基運動彩券行,地圖
台中市,太平區,台中市太平區溪洲西路117號1樓,奕中運動彩券行,地圖
台中市,大里區,台中市大里區中興路一段292之17號1樓,簽就發運動彩券行,地圖
台中市,大肚區,台中市大肚區遊園路二段249號1樓,玖玖玖運動彩券行,地圖
台中市,神岡區,台中市神岡區民生路15號1樓,冠鈞運動彩券行,地圖
台中市,新社區,台中市新社區興安路31號1樓,金準彩券行,地圖
台中市,烏日區,台中市烏日區溪南路一段156號1樓,昇億運動彩券行,地圖
台中市,烏日區,台中市烏日區中山路三段695號1樓,成功發運動彩券行,地圖
台中市,沙鹿區,台中市沙鹿區大同街14號1樓,佰發運動彩券行,地圖
台中市,神岡區,台中市神岡區中山路1325-1號1樓,吉來發運動彩券行,地圖
台中市,大雅區,台中市大雅區雅環路二段118之1號1樓,三冠王運動彩券行,地圖
台中市,東勢區,台中市東勢區豐勢路184號1樓,章魚哥運動彩券行,地圖
台中市,太平區,台中市太平區樹孝路315號1樓,暴發富運動彩券行,地圖
台中市,大里區,台中市大里區立仁路176號1樓,創億富運動彩券行,地圖
台中市,大雅區,台中市大雅區民生路一段372號1樓,叮叮噹運動彩券行,地圖
台中市,大甲區,台中市大甲區蔣公路137號1樓,大甲之光商行,地圖
台中市,石岡區,台中市石岡區豐勢路1133號1樓,金會中運動彩券行,地圖
台中市,豐原區,台中市豐原區圓環南路81號1樓,錢卡大運彩商行,地圖
台中市,潭子區,台中市潭子區興華一路503號1樓,立馬中運動彩券行,地圖
台中市,東勢區,台中市東勢區東關路六段1091號1樓,超級聯賽運動彩券行,地圖
台中市,東勢區,台中市東勢區東坑路1號1樓,神勝運動彩券商行,地圖
台北市,中正區,台北市中正區中華路二段313巷13號1樓,金雞母運動彩券商行,地圖
台北市,萬華區,台北市萬華區西園路二段137號1樓,剉咧等運動彩券,地圖
台北市,萬華區,台北市萬華區昆明街110號1樓,宸鴻發運動彩券行,地圖
台北市,大同區,台北市大同區南京西路187號1樓,法主公運彩行,地圖
台北市,萬華區,台北市萬華區西寧南路186號1樓,柏財發運動彩券行,地圖
台北市,大同區,台北市大同區承德路一段31號1樓,連連發運動彩券行,地圖
台北市,萬華區,台北市萬華區長順街1號1樓,奪金運動彩券行,地圖
台北市,大同區,台北市大同區重慶北路二段27號1樓,博客來運動彩券行,地圖
台北市,大同區,台北市大同區大龍街296號1樓,翔旺億運動彩券行,地圖
台北市,中正區,台北市中正區汀州路三段152號1樓,呈鈺運動彩券行,地圖
台北市,萬華區,台北市萬華區昆明街58-4號1樓,福星一路發運動彩券行,地圖
台北市,大同區,台北市大同區南京西路236號1樓,京鑽運動彩券行,地圖
台北市,萬華區,台北市萬華區桂林路152號1樓,勝興發運動彩券行,地圖
台北市,大同區,台北市大同區市民大道一段209號1樓,京站運動彩券行,地圖
台北市,大同區,台北市大同區民族西路290號1樓,智得勝運動彩券行,地圖
台北市,中正區,台北市中正區汀州路三段285號1樓,大大彩券行,地圖
台北市,大同區,台北市大同區延平北路三段36之1號1樓,昌鑫運動彩券行,地圖
台北市,萬華區,台北市萬華區東園街141號1樓,全壘打運動彩券行,地圖
台北市,萬華區,台北市萬華區寶興街112號1樓,一條龍運動彩券行,地圖
台北市,大同區,台北市大同區昌吉街32號1樓,鈔能力運動彩券行,地圖
台北市,中正區,台北市中正區汀州路二段228號1樓,賀中運動彩券行,地圖
台北市,萬華區,台北市萬華區青年路34號1樓,弈利旺運動彩券行,地圖
台北市,萬華區,台北市萬華區興寧街58號1樓,義起發運動彩券行,地圖
台北市,中正區,台北市中正區汀州路一段232號1樓,汀州興旺彩券行,地圖
台北市,萬華區,台北市萬華區成都路64號1樓,今旺勝運動彩券行,地圖
台北市,萬華區,台北市萬華區西園路二段140巷32號1樓,金多財彩券行,地圖
台北市,中正區,台北市中正區和平西路二段160號1樓,盈富運動彩券商行,地圖
台北市,萬華區,台北市萬華區萬大路311號1樓,富豪運動彩券行,地圖
台北市,萬華區,台北市萬華區西園路一段190號1樓,博贏運動彩券行,地圖
台北市,萬華區,台北市萬華區萬大路68號1樓,多鑫彩券行,地圖
台北市,中正區,台北市中正區南昌路二段103號1樓,王將運動彩券行,地圖
台北市,大同區,台北市大同區延平北路二段131號1樓,王勁爲運動彩券行,地圖
台北市,中正區,台北市中正區汀州路一段252巷1號1樓,中正ㄚ明投注站,地圖
台北市,萬華區,台北市萬華區環河南路2段153號1樓,建發運動彩券行,地圖
台北市,萬華區,台北市萬華區西園路一段120號1樓,勳眾發運動彩券行,地圖
台北市,萬華區,台北市萬華區昆明街270號1樓,運動大亨彩券行,地圖
台北市,大同區,台北市大同區重慶北路一段85之1號1樓,良豪運動彩券行,地圖
台北市,萬華區,台北市萬華區桂林路111之1、113號1樓,鴻福運動彩券行,地圖
台北市,大同區,台北市大同區酒泉街32-1號1樓,包贏運動彩券行,地圖
台北市,萬華區,台北市萬華區西園路一段203巷5之1號1樓,滿客盈運動彩券行,地圖
台北市,大同區,台北市大同區延平北路四段20號1樓,強棒運動彩券,地圖
台北市,大同區,台北市大同區延平北路二段149號1樓,雙贏運動彩券行,地圖
台北市,中正區,台北市中正區忠孝東路一段80號1樓,金福氣運動彩券行,地圖
台北市,大同區,台北市大同區大龍街221號1樓,嗨嗨運動彩券行,地圖
台北市,萬華區,台北市萬華區中華路二段438號1樓,恆興運動彩券行,地圖
台北市,中正區,台北市中正區中華路二段311巷2號1樓,千倍屋運動彩券行,地圖
台北市,萬華區,台北市萬華區寶興街206號1樓,瑞鴻旺運動彩券行,地圖
台北市,大同區,台北市大同區重慶北路三段282號1樓,豪勝運動彩券行,地圖
台北市,中正區,台北市中正區南昌路一段59巷2號1樓,哈克運動彩券,地圖
台北市,萬華區,台北市萬華區漢中街169號1樓,萬頃運動彩券行,地圖
台北市,中正區,台北市中正區同安街60-2號1樓,六六八八運動彩券行,地圖
台北市,萬華區,台北市萬華區廣州街154號1樓,八路運動彩券行,地圖
台北市,中正區,台北市中正區汀州路三段211號1樓,飛來發運動彩券行,地圖
台北市,中正區,台北市中正區武昌街一段36號1樓,易得運動彩券行,地圖
台北市,萬華區,台北市萬華區康定路66號1樓,錢進彩券行,地圖
台北市,中正區,台北市中正區杭州南路二段72號1樓,贏到底杭南運動彩券行,地圖
台北市,中正區,台北市中正區延平南路105號1樓,易勝商行,地圖
台北市,萬華區,台北市萬華區康定路55號1樓,金財運動彩券行,地圖
台北市,中正區,台北市中正區濟南路二段63號1樓,萬年彩券行,地圖
台北市,中正區,台北市中正區信陽街11之1號1樓,頂尖運動彩券行,地圖
台北市,萬華區,台北市萬華區西園路一段246號1樓,盈佳運動彩券行,地圖
台北市,大同區,台北市大同區太原路56號1樓,太原運動彩券行,地圖
台北市,大同區,台北市大同區昌吉街21號1樓,神準運動彩券行,地圖
台北市,萬華區,台北市萬華區昆明街222號1樓,靈知彩券行,地圖
台北市,中正區,台北市中正區汀州路二段34號1樓,鑫順投注站,地圖
台北市,中正區,台北市中正區羅斯福路四段24巷14-1號1樓,高進運彩幫商行,地圖
台北市,萬華區,台北市萬華區萬大路488號1樓,金興運運動彩券行,地圖
台北市,萬華區,台北市萬華區中華路二段522號1樓,好彩頭運動彩券行,地圖
台北市,萬華區,台北市萬華區長沙街二段91號1樓,億隆運動彩券行,地圖
台北市,中正區,台北市中正區中華路二段147號1樓,豪會贏運動彩券行,地圖
台北市,萬華區,台北市萬華區康定路358號1樓,一路發運動彩券行,地圖
台北市,萬華區,台北市萬華區漢中街175號1樓,日日勝運彩行,地圖
台北市,萬華區,台北市萬華區西園路二段227-1號1樓,鑫券運動彩券行,地圖
台北市,萬華區,台北市萬華區雙園街58號1樓,欣旺旺彩券行,地圖
台北市,萬華區,台北市萬華區莒光路185號1樓,新樂運動彩券行,地圖
台北市,中正區,台北市中正區汀州路三段215號1樓,龍意發運動彩券行,地圖
台北市,中正區,台北市中正區中華路二段303巷3號1樓,世足賽運動彩券行,地圖
台北市,中正區,台北市中正區南海路10號1樓,功鼎運動彩券行,地圖
台北市,萬華區,台北市萬華區西園路二段290之3號1樓,金萬彩券行,地圖
台北市,萬華區,台北市萬華區廣州街124號1樓,鑫帛運動彩券行,地圖
台北市,中正區,台北市中正區和平西路一段74號1樓,贏家高手運動彩券行,地圖
台北市,中正區,台北市中正區漢口街一段130號1樓,樂發運彩行,地圖
台北市,萬華區,台北市萬華區萬大路281號1樓,鴻隆運動彩券行,地圖
台北市,大同區,台北市大同區延平北路二段195之1號1樓,萬如億運動彩券行,地圖
台北市,萬華區,台北市萬華區西園路二段222號1樓,金將贏運動彩券行,地圖
台北市,中正區,台北市中正區汀州路一段378號1樓,聖興運動彩券行,地圖
台北市,萬華區,台北市萬華區中華路二段362號1樓,全都來運動彩券行,地圖
台北市,中山區,台北市中山區民權東路二段117號1樓,來得億運動彩券行,地圖
台北市,中山區,台北市中山區民生東路二段77號1樓,上仕運彩行,地圖
台北市,中山區,台北市中山區天津街56之5號1樓,添金庫運動彩券行,地圖
台北市,松山區,台北市松山區南京東路四段118之3號1樓,大馨運動彩券行,地圖
台北市,中山區,台北市中山區林森北路582號1樓,至尊運彩投注站,地圖
台北市,中山區,台北市中山區遼寧街261號1樓,職業運動彩券行,地圖
台北市,松山區,台北市松山區長春路478號1樓,鴻禧運動彩券行,地圖
台北市,中山區,台北市中山區林森北路348號1樓,財記運動彩券行,地圖
台北市,中山區,台北市中山區民權西路29號1樓,好多錢運動彩券行,地圖
台北市,中山區,台北市中山區民生東路二段115巷16號1樓,花惹發運動彩券行,地圖
台北市,中山區,台北市中山區合江街109號1樓,合江旺運彩行,地圖
台北市,松山區,台北市松山區撫遠街339號1樓,弘運運動彩券行,地圖
台北市,中山區,台北市中山區農安街143號1樓,順城運動彩券行,地圖
台北市,中山區,台北市中山區松江路32號1樓,運得利運動彩券行,地圖
台北市,松山區,台北市松山區八德路四段165號1樓,曼巴運動投注站,地圖
台北市,松山區,台北市松山區吉祥路47號1樓,贏樂運動彩券行,地圖
台北市,松山區,台北市松山區長春路452號1樓,帥到爆運動彩券行,地圖
台北市,中山區,台北市中山區德惠街34之3號1樓,善得彩券行,地圖
台北市,松山區,台北市松山區富錦街528號1樓,大人物運動投注站,地圖
台北市,中山區,台北市中山區伊通街104之2號1樓,彥百運動彩券行,地圖
台北市,中山區,台北市中山區長安東路二段175號1樓,千倍運動彩券行,地圖
台北市,中山區,台北市中山區民生東路一段25之8號1樓,玩家投注站,地圖
台北市,松山區,台北市松山區八德路三段12巷51弄35號1樓,就是要發財運動彩券行,地圖
台北市,松山區,台北市松山區民生東路五段125號1樓,灌籃高手金讚運動彩券行,地圖
台北市,中山區,台北市中山區長安東路一段53巷18號1樓,一定贏興業行,地圖
台北市,中山區,台北市中山區伊通街68號1樓,伊六八運動彩券行,地圖
台北市,松山區,台北市松山區南京東路五段123巷43號1樓,好旺運動彩券行,地圖
台北市,中山區,台北市中山區遼寧街230號1樓,紅翻天運動彩券行,地圖
台北市,中山區,台北市中山區民生東路二段147巷12弄2號1樓,尚富貴運動彩券商行,地圖
台北市,中山區,台北市中山區林森北路263號1樓,众鑫運彩行,地圖
台北市,中山區,台北市中山區龍江路137巷1-1號1樓,百祥彩券行,地圖
台北市,中山區,台北市中山區農安街24-4號1樓,球技運動彩券,地圖
台北市,中山區,台北市中山區民生東路一段25之4號1樓,梅西運動彩券行,地圖
台北市,中山區,台北市中山區合江街168號1樓,賓利運動彩券行,地圖
台北市,中山區,台北市中山區吉林路26巷30號1樓,會贏球運動彩券行,地圖
台北市,松山區,台北市松山區新中街7號1樓,孝安運動彩券行,地圖
台北市,中山區,台北市中山區龍江路176號1樓,鑫運運動彩券行,地圖
台北市,松山區,台北市松山區三民路151號1樓,大世紀運動彩券行,地圖
台北市,松山區,台北市松山區南京東路五段291巷3之2號1樓,喜多寶彩券行,地圖
台北市,松山區,台北市松山區延壽街81號1樓,大贏家施公運彩站,地圖
台北市,中山區,台北市中山區雙城街15之1號1樓,達新勝運動彩券行,地圖
台北市,中山區,台北市中山區北安路638號1樓,我贏運動彩券行,地圖
台北市,中山區,台北市中山區龍江路399號1樓,富果投注站,地圖
台北市,中山區,台北市中山區北安路614號1樓,馬上有錢彩券行,地圖
台北市,中山區,台北市中山區八德路二段341號1樓,喜徠發運動彩券行,地圖
台北市,松山區,台北市松山區民權東路三段140巷13號1樓,時來運轉運動彩券行,地圖
台北市,松山區,台北市松山區八德路四段245巷32弄67號1樓,全運旺運彩商行,地圖
台北市,中山區,台北市中山區長安東路二段65號1樓,玉珍彩券行,地圖
台北市,中山區,台北市中山區龍江路356巷21號1樓,鑫洲運動彩券行,地圖
台北市,中山區,台北市中山區龍江路356巷57號1樓,鑫佑運彩行,地圖
台北市,中山區,台北市中山區德惠街101號1樓,好運到運動彩券行,地圖
台北市,松山區,台北市松山區八德路三段127號1樓,好球帶金讚運動彩券行,地圖
台北市,中山區,台北市中山區民權東路一段12巷7號1樓,春吉運動彩券行,地圖
台北市,松山區,台北市松山區民權東路三段140巷2之2號1樓,威隆運動彩券行,地圖
台北市,中山區,台北市中山區林森北路134號1樓,八佰億運彩行,地圖
台北市,中山區,台北市中山區長春路142號1樓,千金運動彩券行,地圖
台北市,中山區,台北市中山區林森北路315號1樓,億億來運動彩券行,地圖
台北市,中山區,台北市中山區復興北路514巷58號1樓,博飛運動彩券行,地圖
台北市,中山區,台北市中山區龍江路175巷2號1樓,龍來發運動彩券行,地圖
台北市,松山區,台北市松山區新中街4巷1號1樓,福星運動彩券行,地圖
台北市,松山區,台北市松山區八德路三段233-1號1樓,來買運彩投注站,地圖
台北市,中山區,台北市中山區長安東路二段171-6號1樓,尚準彩券行,地圖
台北市,中山區,台北市中山區農安街247號1樓,全民運動彩券行,地圖
台北市,中山區,台北市中山區松江路330巷16號1樓,佳禾盈運彩行,地圖
台北市,中山區,台北市中山區錦西街19號1樓,今好盈運彩行,地圖
台北市,松山區,台北市松山區南京東路五段123巷5號1樓,寶真賺運動彩券行,地圖
台北市,中山區,台北市中山區吉林路470號1樓,天天都中獎運動彩券行,地圖
台北市,松山區,台北市松山區三民路150號1樓,財神來運動彩券行,地圖
台北市,松山區,台北市松山區八德路四段638號1樓,拳壘打運動彩券商行,地圖
台北市,中山區,台北市中山區北安路595巷20弄1號1樓,提錢退休運彩行,地圖
台北市,松山區,台北市松山區八德路三段12巷51弄31號1樓,贏千倍運動彩券行,地圖
台北市,中山區,台北市中山區中原街17號1樓,鑫贏運動彩券行,地圖
台北市,中山區,台北市中山區北安路514之1號1樓,吉神運動彩券行,地圖
台北市,中山區,台北市中山區五常街3號1樓,大四喜運動彩券行,地圖
台北市,中山區,台北市中山區松江路297巷21號1樓,超越運動彩券,地圖
台北市,中山區,台北市中山區林森北路96號1樓,鑫鑽運動彩券行,地圖
台北市,中山區,台北市中山區龍江路143號1樓,博勝投注站,地圖
台北市,中山區,台北市中山區五常街53巷16號1樓,金旺來彩券行,地圖
台北市,松山區,台北市松山區八德路四段339號1樓,天天樂運動彩券行,地圖
台北市,中山區,台北市中山區復興北路434號1樓,喜佳衣彩券行,地圖
台北市,松山區,台北市松山區八德路二段360之2號1樓,節節勝運彩投注站,地圖
台北市,松山區,台北市松山區饒河街224號1樓,佳運彩券行,地圖
台北市,中山區,台北市中山區興安街55之1號1樓,贏寶寶運動彩券行,地圖
台北市,中山區,台北市中山區農安街27號1樓,一擊棒運動投注站,地圖
台北市,中山區,台北市中山區八德路二段287號1樓,冠軍盃彩券行,地圖
台北市,松山區,台北市松山區新東街11巷1號1樓,足神運動彩券,地圖
台北市,中山區,台北市中山區錦州街432號1樓,戰戢運動彩券行,地圖
台北市,大安區,台北市大安區延吉街153-4號1樓,金和運動彩券行,地圖
台北市,文山區,台北市文山區木新路三段278巷6號1樓,金鳯運動彩券行,地圖
台北市,文山區,台北市文山區興隆路二段220巷31弄5號1樓,世界大運動彩券行,地圖
台北市,大安區,台北市大安區延吉街103號1樓,五鼠運財運動彩券行,地圖
台北市,信義區,台北市信義區忠孝東路五段215巷25號1樓,明利運彩行,地圖
台北市,文山區,台北市文山區羅斯福路五段275號1樓,頂鑫運動彩券行,地圖
台北市,大安區,台北市大安區和平東路三段228巷86號1樓,旺來發運動彩券行,地圖
台北市,信義區,台北市信義區吳興街135號1樓,吳興運動彩券行,地圖
台北市,文山區,台北市文山區指南路一段40號1樓,指北運動彩券行,地圖
台北市,大安區,台北市大安區和平東路三段306號1樓,三好運動彩券行,地圖
台北市,文山區,台北市文山區木新路二段217號1樓,億來億運動彩券行,地圖
台北市,信義區,台北市信義區松仁路210號1樓,攏贏運動彩券行,地圖
台北市,文山區,台北市文山區興隆路二段220巷15號1樓,鑫鑫向榮運動彩券行,地圖
台北市,大安區,台北市大安區和平東路二段118巷52弄1之4號1樓,好旺角運動彩券行,地圖
台北市,信義區,台北市信義區松山路338號1樓,奪冠運動彩券行,地圖
台北市,信義區,台北市信義區和平東路三段439號1樓,奪勝運動彩券行,地圖
台北市,信義區,台北市信義區松山路467號1樓,金正旺運動彩券行,地圖
台北市,文山區,台北市文山區木柵路二段26號1樓,隆來旺運動彩券行,地圖
台北市,文山區,台北市文山區木柵路一段258號1樓,宏發運動彩券行,地圖
台北市,信義區,台北市信義區林口街42號1樓,金棒運動彩券行,地圖
台北市,大安區,台北市大安區和平東路二段311巷15號1樓,人人發彩券行,地圖
台北市,信義區,台北市信義區崇德街40號1樓,弘達運動彩券行,地圖
台北市,大安區,台北市大安區忠孝東路三段218號1樓,贏鑫運動彩券行,地圖
台北市,信義區,台北市信義區忠孝東路五段423巷34號1樓,鐵鞋運動彩券行,地圖
台北市,大安區,台北市大安區大安路一段14號1樓,發仟億彩券行,地圖
台北市,大安區,台北市大安區延吉街162號1樓,世界波金讚運動彩券行,地圖
台北市,大安區,台北市大安區新生南路一段149-11號1樓,封神榜彩券行,地圖
台北市,文山區,台北市文山區興隆路三段43號1樓,金興隆運動彩券行,地圖
台北市,大安區,台北市大安區忠孝東路四段223巷32號1樓,國手投注站,地圖
台北市,大安區,台北市大安區復興南路二段141號1樓,阿布拉運動彩券行,地圖
台北市,文山區,台北市文山區景興路117號1樓,大吉利運動彩券行,地圖
台北市,信義區,台北市信義區吳興街269巷1弄2號1樓,飛來財運動彩券行,地圖
台北市,信義區,台北市信義區松山路322號1樓,好投佳運彩行,地圖
台北市,大安區,台北市大安區永康街10巷1號1樓,豪記運動彩券行,地圖
台北市,大安區,台北市大安區和平東路三段208之1號1樓,多晶彩券行,地圖
台北市,大安區,台北市大安區濟南路三段72號1樓,大富翁運動彩券行,地圖
台北市,大安區,台北市大安區和平東路三段228巷34號1樓,飛來宏運動彩券行,地圖
台北市,文山區,台北市文山區木新路三段59號1樓,發發發運動彩券行,地圖
台北市,信義區,台北市信義區大道路1號1樓,運順運動彩券行,地圖
台北市,大安區,台北市大安區復興南路一段133之1號1樓,飛來富運動彩券行,地圖
台北市,文山區,台北市文山區羅斯福路五段287號1樓,總贏彩券商行,地圖
台北市,大安區,台北市大安區羅斯福路三段119號1樓,飛來富財神運動彩券,地圖
台北市,大安區,台北市大安區大安路一段187號1樓,宏運運動彩券行,地圖
台北市,文山區,台北市文山區景興路133號1樓,溫拿運動彩券行,地圖
台北市,文山區,台北市文山區木新路二段291號1樓,新禹運動彩券行,地圖
台北市,信義區,台北市信義區莊敬路427號1樓,連贏運動彩券行,地圖
台北市,大安區,台北市大安區安居街51號1樓,狠準運動彩券行,地圖
台北市,大安區,台北市大安區臨江街72號1樓,奕炫運動彩券行,地圖
台北市,大安區,台北市大安區東豐街8號1樓,東豐運動彩券行,地圖
台北市,文山區,台北市文山區羅斯福路六段238號1樓,大視界運動彩券行,地圖
台北市,文山區,台北市文山區木柵路二段78號1樓,金順灃運彩投注站,地圖
台北市,信義區,台北市信義區永吉路278巷2弄1號1樓,健發運動彩券行,地圖
台北市,信義區,台北市信義區吳興街535號1樓,爭霸天下投注站,地圖
台北市,信義區,台北市信義區永吉路322號1樓,瓏抵加運動彩券行,地圖
台北市,信義區,台北市信義區永吉路30巷86號1樓,博神運彩行,地圖
台北市,信義區,台北市信義區永吉路30巷157弄1號1樓,上富運動彩券行,地圖
台北市,大安區,台北市大安區建國南路一段294號1樓,樂翻天運動彩券行,地圖
台北市,文山區,台北市文山區木柵路三段109號1樓,盈豪運動彩券,地圖
台北市,文山區,台北市文山區景文街41號1樓,金富貴彩券行,地圖
台北市,文山區,台北市文山區興隆路二段213號1樓,鳳仙姑運彩彩券行,地圖
台北市,大安區,台北市大安區復興南路二段194號1樓,狠神運動彩券行,地圖
台北市,文山區,台北市文山區興隆路四段72之1號1樓,順豐車投注站,地圖
台北市,大安區,台北市大安區大安路一段234號1樓,很好過運動彩券行,地圖
台北市,信義區,台北市信義區松山路516號1樓,好盈運動彩券行,地圖
台北市,文山區,台北市文山區興隆路一段224號1樓,榮億中彩券行,地圖
台北市,大安區,台北市大安區羅斯福路二段29號1樓,日日贏運動彩券行,地圖
台北市,大安區,台北市大安區建國南路二段1號1樓,滿貫大亨運動彩券行,地圖
台北市,信義區,台北市信義區吳興街93號1樓,榮耀運動彩券行,地圖
台北市,信義區,台北市信義區光復南路453號1樓,作戰彩券行,地圖
台北市,大安區,台北市大安區通化街13號1樓,客家公主運動彩券行,地圖
台北市,大安區,台北市大安區臨江街27號1樓,勝冠運動彩券行,地圖
台北市,文山區,台北市文山區木柵路三段53號1樓,億兆運動彩券行,地圖
台北市,信義區,台北市信義區莊敬路234號1樓,金愛財運動彩券行,地圖
台北市,大安區,台北市大安區通化街106號1樓,金瑞堂運動彩券行,地圖
台北市,大安區,台北市大安區通化街163號1樓,包你贏運動彩券行,地圖
台北市,大安區,台北市大安區信義路二段98號1樓,飛來美運動彩券行,地圖
台北市,大安區,台北市大安區忠孝東路四段216巷52號1樓,阿文運動彩券行,地圖
台北市,信義區,台北市信義區林口街84號1樓,好運球運彩行,地圖
台北市,文山區,台北市文山區羅斯福路五段218巷6弄2號1樓,霸滋運動彩券行,地圖
台北市,信義區,台北市信義區忠孝東路五段793號1樓,萬能運動彩券行,地圖
台北市,文山區,台北市文山區景中街10號1樓,達財源運動彩券行,地圖
台北市,大安區,台北市大安區安居街2號1樓,柏成運動彩券行,地圖
台北市,信義區,台北市信義區松山路529號1樓,盈金多行,地圖
台北市,大安區,台北市大安區通化街24巷2之3號1樓,大神爭霸運動投注站,地圖
台北市,信義區,台北市信義區吳興街65號1樓,好樣的運動彩券行,地圖
台北市,文山區,台北市文山區忠順街一段26巷11弄2號1樓,宏寬運動彩券行,地圖
台北市,北投區,台北市北投區自強街78號1樓,鈞虹運彩行,地圖
台北市,士林區,台北市士林區中正路270、272號1樓,八方運動彩券行,地圖
台北市,內湖區,台北市內湖區康寧路三段189巷9號1樓,贏彩彩券行,地圖
台北市,士林區,台北市士林區社中街86號1樓,鑫煥運動彩券行,地圖
台北市,北投區,台北市北投區尊賢街248號1樓,一路贏運動彩券行,地圖
台北市,北投區,台北市北投區光明路200號之5(1樓),運動世界運動彩券行,地圖
台北市,北投區,台北市北投區中央南路一段137號1樓,大黑馬運動彩券行,地圖
台北市,內湖區,台北市內湖區內湖路一段377號1樓,大聯盟運動彩券行,地圖
台北市,內湖區,台北市內湖區內湖路二段11號1樓,金成功彩券行,地圖
台北市,士林區,台北市士林區天母西路57號1樓,滿貫仲運動彩券行,地圖
台北市,北投區,台北市北投區光明路132之7號1樓,發發發投注站,地圖
台北市,南港區,台北市南港區忠孝東路七段611號1樓,財神運動彩券行,地圖
台北市,南港區,台北市南港區同德路70號1樓,金五吉運動彩券行,地圖
台北市,內湖區,台北市內湖區東湖路33巷9號1樓,財星運動彩券行,地圖
台北市,內湖區,台北市內湖區內湖路一段737巷27號1樓,鑫騎白馬運動彩券行,地圖
台北市,北投區,台北市北投區實踐街33號1樓,球進來運動彩券行,地圖
台北市,內湖區,台北市內湖區江南街67號1樓,興業運動彩券行,地圖
台北市,士林區,台北市士林區中正路633號1樓,天福運彩行,地圖
台北市,內湖區,台北市內湖區康寧路一段1號1樓,全連發運動彩券行,地圖
台北市,南港區,台北市南港區昆陽街144號1樓,新移民運動彩券行,地圖
台北市,南港區,台北市南港區南港路一段45號1樓,金球運動彩券行,地圖
台北市,內湖區,台北市內湖區成功路四段61巷12號1樓,錢聯盟商行,地圖
台北市,北投區,台北市北投區明德路22號1樓,興旺煥運動彩券行,地圖
台北市,北投區,台北市北投區光明路32號1樓,鷹眼運動彩券行,地圖
台北市,內湖區,台北市內湖區成功路四段30巷7號1樓,必勝運動彩券,地圖
台北市,南港區,台北市南港區南港路三段183號1樓,聖力運動彩券行,地圖
台北市,北投區,台北市北投區中和街328號1樓,利馬鑽運動彩券行,地圖
台北市,士林區,台北市士林區通河街52號1樓,幸運女神運動彩券行,地圖
台北市,北投區,台北市北投區石牌路二段75巷4號1樓,鑫億仲運動彩券行,地圖
台北市,士林區,台北市士林區天母北路5號1樓,萬湖彩券行,地圖
台北市,士林區,台北市士林區福華路124號1樓,詹傳幃投注站,地圖
台北市,內湖區,台北市內湖區民權東路六段296巷46-2號1樓,左右包鈔運彩商行,地圖
台北市,士林區,台北市士林區承德路四段40巷30號1樓,金豐利投注站,地圖
台北市,士林區,台北市士林區延平北路六段159號1樓,聖德運動彩券行,地圖
台北市,北投區,台北市北投區中和街209號1樓,穩發運動彩券行,地圖
台北市,內湖區,台北市內湖區環山路一段74號1樓,來就發運動彩券行,地圖
台北市,士林區,台北市士林區社正路47號1樓,豪豪贏運彩行,地圖
台北市,士林區,台北市士林區天母北路22號1樓,昶鋐運彩商行,地圖
台北市,內湖區,台北市內湖區內湖路一段591巷11弄2號1樓,禾曜運動彩券行,地圖
台北市,士林區,台北市士林區美崙街42號1樓,德瑋運動彩券行,地圖
台北市,士林區,台北市士林區福港街238號1樓,國王運動彩券行,地圖
台北市,內湖區,台北市內湖區內湖路一段307號1樓,美工運動彩券行,地圖
台北市,北投區,台北市北投區知行路330號1樓,運動探大吉彩券行,地圖
台北市,北投區,台北市北投區尊賢街314號1樓,熊力嗨運動彩券行,地圖
台北市,士林區,台北市士林區天母東路8巷71號1樓,金多利彩券行,地圖
台北市,內湖區,台北市內湖區民權東路6段121號1樓,名人運動彩券行,地圖
台北市,內湖區,台北市內湖區安康路446號1樓,永元運動彩券投注站,地圖
台北市,士林區,台北市士林區德行東路188號1樓,水起秋運彩行,地圖
台北市,北投區,台北市北投區尊賢街231號1樓,盈滿滿運動彩券行,地圖
台北市,內湖區,台北市內湖區江南街65巷5號1樓,英榮萱彩券行,地圖
台北市,士林區,台北市士林區士東路91巷33號1樓,富寶地運動彩券行,地圖
台北市,士林區,台北市士林區德行西路87號1樓,禾富運動彩券行,地圖
台北市,北投區,台北市北投區實踐街19號1樓,紅兵運彩行,地圖
台北市,士林區,台北市士林區文林路143號1樓,飛淶發運動彩券行,地圖
台北市,北投區,台北市北投區三合街二段449號1樓,奇岩運彩行,地圖
台北市,南港區,台北市南港區興華路68號1樓,十三億運動彩券行,地圖
台北市,士林區,台北市士林區延平北路五段154號1樓,萬興彩券行,地圖
台北市,士林區,台北市士林區文林路499號1樓,武財神運彩行,地圖
台北市,內湖區,台北市內湖區東湖路43巷18之2號1樓,運之財運動彩券行,地圖
台北市,南港區,台北市南港區福德街320之2號1樓,天準運動彩券行,地圖
台北市,士林區,台北市士林區延平北路五段196號1樓,連八運動彩券行,地圖
台北市,士林區,台北市士林區福港街17號1樓,贏萬倍運動彩券行,地圖
台北市,內湖區,台北市內湖區東湖路113巷49弄11號1樓,機會好運動彩券行,地圖
台北市,士林區,台北市士林區和豐街32號1樓,銀河系運動彩券行,地圖
台北市,北投區,台北市北投區中和街341號1樓,第一號運動彩券行,地圖
台北市,北投區,台北市北投區中央北路一段145號1樓,億路贏運動彩券行,地圖
台北市,內湖區,台北市內湖區康寧路一段157之1號1樓,鑫發達彩券行,地圖
台北市,北投區,台北市北投區致遠二路131號1樓,贏贏贏運動彩券投注站,地圖
台北市,內湖區,台北市內湖區港墘路45號1樓,大旺發彩券行,地圖
台北市,內湖區,台北市內湖區內湖路二段98號1樓,行運彩券行,地圖
台北市,士林區,台北市士林區中正路403號1樓,神財運動彩券行,地圖
台北市,北投區,台北市北投區光明路132之9號1樓,神多運動彩券行,地圖
台北市,士林區,台北市士林區文昌路104號1樓,全多中運彩行,地圖
台北市,內湖區,台北市內湖區民權東路六段66號1樓,永大彩券行,地圖
台北市,內湖區,台北市內湖區江南街17號1樓,旺發運動彩券行,地圖
台北市,內湖區,台北市內湖區金龍路61號1樓,全聯盟運動彩券行,地圖
台北市,士林區,台北市士林區天母東路22巷23之1號1樓,五九八運動彩券行,地圖
台北市,北投區,台北市北投區東華街二段100號1樓,鑫滿貫運動彩券行,地圖
台北市,內湖區,台北市內湖區內湖路一段737巷60號1樓,關關過投注站,地圖
台北市,士林區,台北市士林區德行東路156號1樓,運來發運動彩券行,地圖
台北市,士林區,台北市士林區德行東路246號1樓,萬盛運動彩券行,地圖
台北市,北投區,台北市北投區石牌路二段62號1樓,全中運動彩券行,地圖
台北市,士林區,台北市士林區通河街102號1樓,達成運彩行,地圖
台北市,士林區,台北市士林區文林路173號1樓,每買必仲運動彩券行,地圖
台北市,士林區,台北市士林區德行西路76號1樓,雅庭投注站,地圖
台北市,內湖區,台北市內湖區內湖路一段437巷12號1樓,阡億球投注站,地圖
台北市,士林區,台北市士林區通河街141巷12號1樓,通河運動彩券行,地圖
台北市,北投區,台北市北投區中央北路二段395號1樓,熊勵嗨運動彩券行,地圖
台北市,內湖區,台北市內湖區內湖路二段420號1樓,靚鑫旺彩券行,地圖
台北市,士林區,台北市士林區忠義街127號1樓,犇來發投注站,地圖
台北市,南港區,台北市南港區中坡北路84號1樓,億取來運彩行,地圖
台北市,南港區,台北市南港區同德路41號1樓,連勝運動彩券行,地圖
台北市,南港區,台北市南港區同德路68號1樓,活力勝運動彩券行,地圖
台北市,北投區,台北市北投區明德路152號1樓,鑫贏就贏運動彩券行,地圖
台北市,士林區,台北市士林區文林路147號1樓,飛徠發運動彩券行,地圖
台北市,北投區,台北市北投區東華街一段540號1樓,穩仲運動彩券行,地圖
台北市,士林區,台北市士林區承德路四段309號1樓,滿客運彩行,地圖
台北市,士林區,台北市士林區大南路245號1樓,大南發貳肆伍運彩行,地圖
台北市,內湖區,台北市內湖區康樂街20巷1號1樓,天天過彩券行,地圖
台北市,南港區,台北市南港區研究院路二段3-7號1樓,汪旺彩券行,地圖
台北市,內湖區,台北市內湖區康樂街136巷30弄1號1樓,彩富運動彩券行,地圖
台北市,內湖區,台北市內湖區新明路387號1樓,新明運動彩券行,地圖
台北市,士林區,台北市士林區延平北路6段126號1樓,興運發運動彩券行,地圖
新北市,汐止區,新北市汐止區忠孝東路400號1樓,福氣運動彩券,地圖
新北市,深坑區,新北市深坑區北深路三段187號1樓,深藏不露運動彩券行,地圖
新北市,瑞芳區,新北市瑞芳區明燈路三段39號1樓,王牌彩券行,地圖
新北市,新店區,新北市新店區建國路96號1樓,來富貴彩券行,地圖
新北市,淡水區,新北市淡水區北新路129號1樓,奕贏商行,地圖
新北市,新店區,新北市新店區北新路二段162號1樓,鑫鑫想發運動彩券行,地圖
新北市,新店區,新北市新店區北新路一段13號1樓,財神贏家彩券行,地圖
新北市,汐止區,新北市汐止區明峰街18號1樓,承天運動彩券行,地圖
新北市,新店區,新北市新店區中正路395號1樓,動徠發運動彩券行,地圖
新北市,汐止區,新北市汐止區樟樹一路101號1樓,天聚運動彩券,地圖
新北市,新店區,新北市新店區安成街20號1樓,大家贏運彩行,地圖
新北市,新店區,新北市新店區北新路一段32號1樓,紅棍運動彩券行,地圖
新北市,新店區,新北市新店區建國路165號1樓,歐吉桑運彩行,地圖
新北市,新店區,新北市新店區安成街39號1樓,金優運動彩券行,地圖
新北市,汐止區,新北市汐止區連興街138號1樓,龍過運動彩券行,地圖
新北市,新店區,新北市新店區中正路297號1樓,樂贏贏運彩行,地圖
新北市,淡水區,新北市淡水區中山北路一段149巷6之2、3號1樓,六六六運彩行,地圖
新北市,汐止區,新北市汐止區和平街46巷22號1樓,一定贏運動彩券行,地圖
新北市,瑞芳區,新北市瑞芳區明燈路三段60號1樓,舞濱彩券行,地圖
新北市,淡水區,新北市淡水區中山路88號1樓、中山路90巷2號1樓,浩瀚運動彩券行,地圖
新北市,汐止區,新北市汐止區福德一路119號1樓,賀彩運運動彩券行,地圖
新北市,淡水區,新北市淡水區民族路39號1樓,楊咩咩彩券行,地圖
新北市,淡水區,新北市淡水區北新路182巷19號1樓,鑫獎彩券行,地圖
新北市,新店區,新北市新店區中正路503號1樓,錢來爺運動彩券行,地圖
新北市,淡水區,新北市淡水區沙崙路224、226號1樓,台灣棒運動彩券行,地圖
新北市,新店區,新北市新店區順安街49號1樓,福旺來運動彩券行,地圖
新北市,瑞芳區,新北市瑞芳區明燈路三段148號1樓,小白兔運動彩券行,地圖
新北市,金山區,新北市金山區中山路155號1樓,金再興運動彩券行,地圖
新北市,汐止區,新北市汐止區龍安路202巷49號1樓,泰樂投注站,地圖
新北市,汐止區,新北市汐止區福德二路52號1樓,大谷翔平彩券行,地圖
新北市,新店區,新北市新店區中正路282之1號1樓,億萬運彩行,地圖
新北市,新店區,新北市新店區民族路221號1樓,來就賺運彩行,地圖
新北市,新店區,新北市新店區北新路二段97巷12號1樓,贏到爆運彩行,地圖
新北市,汐止區,新北市汐止區中正路11號1樓,天天發企業社,地圖
新北市,新店區,新北市新店區光明街83號1樓,多采多姿運動彩券行,地圖
新北市,汐止區,新北市汐止區忠孝東路268號1樓,廣合發運動彩券行,地圖
新北市,汐止區,新北市汐止區明峰街115號1樓,你該得運彩行,地圖
新北市,深坑區,新北市深坑區北深路三段208號1樓,贏家對決運動彩券行,地圖
新北市,汐止區,新北市汐止區連興街123號1樓,連興運動彩券行,地圖
新北市,汐止區,新北市汐止區明峰街27號1樓,齊來發運動彩券行,地圖
新北市,新店區,新北市新店區安和路二段171號1樓,金興發運動彩券行,地圖
新北市,汐止區,新北市汐止區樟樹一路32號1樓,繁星運動投注站,地圖
新北市,金山區,新北市金山區中山路141號1樓,今博弈運動彩券行,地圖
新北市,新店區,新北市新店區中興路三段147號1樓,泰利彩券行,地圖
新北市,汐止區,新北市汐止區福德一路246號1樓,金興旺運動彩券行,地圖
新北市,汐止區,新北市汐止區福德一路210號1樓,多鑫運動彩券行,地圖
新北市,新店區,新北市新店區新生街5巷1號1樓,常勝黑馬運動彩券行,地圖
新北市,汐止區,新北市汐止區忠孝東路302號1樓,超級棒運動彩券,地圖
新北市,汐止區,新北市汐止區連興街6號1樓,星宇運動彩券行,地圖
新北市,汐止區,新北市汐止區忠孝東路270號1樓,福氣旺運動彩券行,地圖
新北市,汐止區,新北市汐止區忠孝東路280號1樓,祥隆運動彩券行,地圖
新北市,淡水區,新北市淡水區民族路28號1樓,每天發彩券行,地圖
新北市,汐止區,新北市汐止區建成路168號1樓,超行星運動彩券行,地圖
新北市,深坑區,新北市深坑區埔新街62號1樓,全明星投注站,地圖
新北市,新店區,新北市新店區中華路1號1樓,佰面贏彩券行,地圖
新北市,淡水區,新北市淡水區清水街40號1樓,瀛定運動彩券行,地圖
新北市,新店區,新北市新店區光明街88號1樓,恩典滿滿運彩行,地圖
新北市,汐止區,新北市汐止區福德一路180號1樓,采輝運動彩券行,地圖
新北市,汐止區,新北市汐止區福德二路165號1樓,旺財運彩行,地圖
新北市,深坑區,新北市深坑區埔新街87號1樓,太齊運動彩券行,地圖
新北市,新店區,新北市新店區民族路39號1樓,十方來財運動彩券行,地圖
新北市,新店區,新北市新店區光明街167號1樓,好好中彩券行,地圖
新北市,新店區,新北市新店區安康路二段171號1樓,彬羽運動彩券行,地圖
新北市,淡水區,新北市淡水區中山路186號1樓,緣錢運動彩券行,地圖
新北市,新店區,新北市新店區中正路516之1號1樓,真的旺玖玖運動彩券行,地圖
新北市,汐止區,新北市汐止區中興路152之2號1樓,多利運動彩券行,地圖
新北市,新店區,新北市新店區玫瑰路58巷3號1樓,金多吉運動彩券行,地圖
新北市,新店區,新北市新店區大豐路2之1號1樓,富億運動彩券行,地圖
新北市,新店區,新北市新店區中正路282之6號1樓,金鑫旺運動彩券行,地圖
新北市,淡水區,新北市淡水區新春街94號1樓,世界大運動彩券行,地圖
新北市,淡水區,新北市淡水區大忠街14號1樓,中華大運動彩券行,地圖
新北市,汐止區,新北市汐止區新興路22號1樓,新興運動彩券行,地圖
新北市,新店區,新北市新店區安康路二段226號1樓,贏就來運彩行,地圖
新北市,淡水區,新北市淡水區中山路70號、70之2號1樓,益萬運動彩券行,地圖
新北市,淡水區,新北市淡水區新春街197號1樓,人仁發商行,地圖
新北市,新店區,新北市新店區永安街76號1樓,客必勝運動彩券行,地圖
新北市,新店區,新北市新店區安民街140號1樓,金旺吉康運動彩券行,地圖
新北市,新店區,新北市新店區民族路48巷1號1樓,點球運動彩券行,地圖
新北市,瑞芳區,新北市瑞芳區明燈路三段39之2號1樓,風起運有運動彩券行,地圖
新北市,板橋區,新北市板橋區國光路179號1樓,幸運星運動彩券行,地圖
新北市,土城區,新北市土城區中正路59號1樓,村發發運動彩券行,地圖
新北市,土城區,新北市土城區裕民路136巷3號1樓,富發商行,地圖
新北市,板橋區,新北市板橋區自由路3號1樓,鈞贏運彩行,地圖
新北市,板橋區,新北市板橋區莒光路188號1樓,嘉實運彩行,地圖
新北市,土城區,新北市土城區中央路四段184號1樓,益田運動彩券行,地圖
新北市,土城區,新北市土城區裕民路196號1樓,鈺財發運動彩券行,地圖
新北市,土城區,新北市土城區延吉街264號1樓,吉鴻發運動彩券行,地圖
新北市,板橋區,新北市板橋區南門街68號、70號1樓,和億運動彩券行,地圖
新北市,板橋區,新北市板橋區莒光路1號1樓,倍倍樂運動彩券行,地圖
新北市,板橋區,新北市板橋區四維路182號1樓,宏準投注站,地圖
新北市,土城區,新北市土城區中央路二段166號1樓,祥運發運動彩券行,地圖
新北市,板橋區,新北市板橋區存德街12號1樓,穩發運動彩券,地圖
新北市,板橋區,新北市板橋區文聖街12號1樓,紘富彩券行,地圖
新北市,板橋區,新北市板橋區國慶路212號1樓,錢亦來運彩行,地圖
新北市,三峽區,新北市三峽區愛國路2號1樓,神來運轉運動彩券行,地圖
新北市,板橋區,新北市板橋區松江街120號1樓,盈曜投注站,地圖
新北市,板橋區,新北市板橋區四維路282號1樓,四維運動彩券,地圖
新北市,土城區,新北市土城區峯廷街60號1樓,赤木運動彩券行,地圖
新北市,板橋區,新北市板橋區大仁街54號1樓,玄發彩券行,地圖
新北市,土城區,新北市土城區延平街15號1樓,方得贏運動彩券行,地圖
新北市,土城區,新北市土城區中央路一段201號1樓,石運發運動彩券行,地圖
新北市,三峽區,新北市三峽區國學街12之1號1樓,旺福發運動彩券行,地圖
新北市,板橋區,新北市板橋區大仁街72號1樓,雙冠王投注站,地圖
新北市,三峽區,新北市三峽區大學路86號1樓,九十九運動彩券行,地圖
新北市,板橋區,新北市板橋區民族路275號1樓,百億旺彩券商店,地圖
新北市,板橋區,新北市板橋區府中路114號1樓,洺元運動彩券行,地圖
新北市,土城區,新北市土城區廣明街55號1樓,熊好中運動彩券投注站,地圖
新北市,板橋區,新北市板橋區文德路47號1樓,金牌發運動彩券行,地圖
新北市,土城區,新北市土城區中央路二段16號1樓,來全勝運動彩券行,地圖
新北市,土城區,新北市土城區學成路24號1樓,過千倍運動彩券行,地圖
新北市,板橋區,新北市板橋區篤行路二段128號1樓,必勝運動彩券投注行,地圖
新北市,板橋區,新北市板橋區莊敬路152號1樓,頂尖運動彩券行,地圖
新北市,三峽區,新北市三峽區中山路192號1樓,神來也運動彩券行,地圖
新北市,板橋區,新北市板橋區雙十路二段37號1樓,好運發運動彩券行,地圖
新北市,板橋區,新北市板橋區三民路二段237號1樓,錢家企業社,地圖
新北市,土城區,新北市土城區學府路一段208號1樓,曼巴世界運動彩券行,地圖
新北市,板橋區,新北市板橋區合宜路41號1樓,合曜投注站,地圖
新北市,土城區,新北市土城區學府路一段74號1樓,玉元發運動彩券行,地圖
新北市,板橋區,新北市板橋區四川路二段47巷2弄1號1樓,鑽多多運動彩券行,地圖
新北市,三峽區,新北市三峽區光明路60號1樓,三角湧運彩投注行,地圖
新北市,土城區,新北市土城區員林街8之1號1樓,雷神運動彩券投注站,地圖
新北市,土城區,新北市土城區明德路二段141號1樓,一級棒運動彩券行,地圖
新北市,三峽區,新北市三峽區光明路33號1樓,過八關運動彩券行,地圖
新北市,板橋區,新北市板橋區中山路二段378號1樓,菁華運彩行,地圖
新北市,土城區,新北市土城區學成路182號1樓,全壘打運動彩券,地圖
新北市,板橋區,新北市板橋區新海路418號1樓,溢滿運動彩券行,地圖
新北市,板橋區,新北市板橋區懷德街127巷26號1樓,鑫萬億運動彩券行,地圖
新北市,板橋區,新北市板橋區忠孝路225號1樓,嘉嘉運彩行,地圖
新北市,板橋區,新北市板橋區溪北路3號1樓,祥富一路發運動彩券行,地圖
新北市,板橋區,新北市板橋區三民路二段199號1樓,万裕彩券行,地圖
新北市,土城區,新北市土城區中正路15之1號1樓,全球運動彩券行,地圖
新北市,土城區,新北市土城區中央路二段278巷12號1樓,美香運動彩券投注站,地圖
新北市,土城區,新北市土城區中央路四段281之3號1樓,太陽城運動彩券行,地圖
新北市,土城區,新北市土城區裕民路234號1樓,贏滿袋運動彩券行,地圖
新北市,板橋區,新北市板橋區文化路一段435巷31弄3號1樓,綠光運動彩券行,地圖
新北市,三峽區,新北市三峽區中園街20之1號1樓,傳奇運動彩券行,地圖
新北市,土城區,新北市土城區明德路二段221號1樓,奇樂運動彩券投注站,地圖
新北市,土城區,新北市土城區明峯街31號1樓,喜豐行,地圖
新北市,土城區,新北市土城區明峯街30號1樓,領域運動彩券行,地圖
新北市,板橋區,新北市板橋區裕民街48號1樓,五二八運動彩券行,地圖
新北市,土城區,新北市土城區廣明街50號1樓,田享運動彩券行,地圖
新北市,三峽區,新北市三峽區長泰街55號1樓,神來旺運動彩券行,地圖
新北市,三峽區,新北市三峽區大德路485之1號1樓,關關過運動彩券,地圖
新北市,三峽區,新北市三峽區長福街6之2號1樓,好運發發發運動彩券行,地圖
新北市,板橋區,新北市板橋區館前西路154之2號1樓,高頂運動彩券,地圖
新北市,板橋區,新北市板橋區合宜路73號1樓,天天過運動彩券,地圖
新北市,板橋區,新北市板橋區篤行路三段玉平巷68弄4號1樓,大富豪運動彩券行,地圖
新北市,板橋區,新北市板橋區三民路二段205之2號1樓,鑫鑫運動彩券行,地圖
新北市,板橋區,新北市板橋區國慶路163號1樓,博盈運動彩券行,地圖
新北市,三峽區,新北市三峽區復興路36之6號1樓,巴克利運動彩券行,地圖
新北市,土城區,新北市土城區學成路97之1號1樓,吉中運動彩券行,地圖
新北市,板橋區,新北市板橋區吳鳳路19之5號1樓,尚虹運動彩券行,地圖
新北市,板橋區,新北市板橋區懷德街181巷13號1樓,大力王運動彩券行,地圖
新北市,板橋區,新北市板橋區四維路107號1樓,富豪富運彩行,地圖
新北市,板橋區,新北市板橋區中正路268號1樓,聚星運彩行,地圖
新北市,土城區,新北市土城區延和路166號1樓,喜報運動彩券行,地圖
新北市,板橋區,新北市板橋區三民路二段137號1樓,福利旺運動彩券行,地圖
新北市,板橋區,新北市板橋區中正路355號1樓,大旺運動彩券行,地圖
新北市,板橋區,新北市板橋區裕民街71號1樓,裕民運動彩券,地圖
新北市,土城區,新北市土城區延和路122號1樓,世界一運動彩券行,地圖
新北市,土城區,新北市土城區明德路一段39號1樓,必勝客運動彩券行,地圖
新北市,板橋區,新北市板橋區觀光街22號1樓,先鋒運動彩券行,地圖
新北市,板橋區,新北市板橋區國光路57號1樓,文華商行,地圖
新北市,土城區,新北市土城區中央路三段58號1樓,怡得發電腦彩券行,地圖
新北市,土城區,新北市土城區中央路一段227號1樓,吉冠軍運動彩券投注站,地圖
新北市,土城區,新北市土城區青雲路279號1樓,隆益發運動彩券行,地圖
新北市,板橋區,新北市板橋區忠孝路168號1樓,錢易來運彩行,地圖
新北市,土城區,新北市土城區中央路二段362號1樓,鉅亨運動彩券行,地圖
新北市,三峽區,新北市三峽區民權街241號1樓,金球運動彩券行,地圖
新北市,三峽區,新北市三峽區文化路107號1樓,福神翔旺運動彩券行,地圖
新北市,土城區,新北市土城區清水路239號1樓,均財發運動彩券行,地圖
新北市,土城區,新北市土城區延吉街102號1樓,幸運之星運動彩券行,地圖
新北市,板橋區,新北市板橋區中正路365號1樓,鑫旺來運動彩券行,地圖
新北市,板橋區,新北市板橋區重慶路278之2號1樓,千運來運動彩券行,地圖
新北市,板橋區,新北市板橋區長安街210之3號1樓,福利鑫彩券商行,地圖
新北市,土城區,新北市土城區員福街28號1樓,雷霆運動彩券行,地圖
新北市,板橋區,新北市板橋區文聖街140巷1號1樓,祐聖運動彩券,地圖
新北市,板橋區,新北市板橋區民族路288號1樓,阿財運動彩券行,地圖
新北市,板橋區,新北市板橋區中山路二段90巷25號1樓,神奇柑仔店運彩行,地圖
新北市,板橋區,新北市板橋區南雅西路二段281號1樓,鑫旺彩券行,地圖
新北市,板橋區,新北市板橋區區運路16號1樓,興盛發運動彩券行,地圖
新北市,三峽區,新北市三峽區光明路66號1樓,岳誠運動彩券,地圖
新北市,板橋區,新北市板橋區南雅西路二段189號1樓,贏好棒運動彩券行,地圖
新北市,板橋區,新北市板橋區合宜路109號1樓,合鑫投注站,地圖
新北市,土城區,新北市土城區慶安街68號1樓,慶安贏運動彩券行,地圖
新北市,板橋區,新北市板橋區南雅南路一段78號1樓,贏家運動彩券,地圖
新北市,土城區,新北市土城區學府路一段52號1樓,常勝軍運動彩券行,地圖
新北市,板橋區,新北市板橋區中山路二段535號1樓,福立發商行,地圖
新北市,板橋區,新北市板橋區實踐路84號1樓,錢滾滾運動彩券投注站,地圖
新北市,板橋區,新北市板橋區華興街48號1樓,地球村運彩行,地圖
新北市,板橋區,新北市板橋區莊敬路168號1樓,一六發運動彩券行,地圖
新北市,土城區,新北市土城區福仁街53號1樓,侑樂運動彩券投注站,地圖
新北市,板橋區,新北市板橋區懷德街77號1樓,威樂運動彩券行,地圖
新北市,土城區,新北市土城區延吉街170號1樓,遠雄運動彩券行,地圖
新北市,土城區,新北市土城區中華路一段169號1樓,完勝運動彩券,地圖
新北市,板橋區,新北市板橋區龍興街53號1樓,佳鑫運動彩券行,地圖
新北市,土城區,新北市土城區青雲路162號1樓,致勝運動彩券行,地圖
新北市,土城區,新北市土城區立德路46號1樓,必贏運動彩券投注行,地圖
新北市,板橋區,新北市板橋區南雅南路一段7號1樓,友富運動彩券行,地圖
新北市,土城區,新北市土城區延和路254號1樓,紅翻天運動彩券行,地圖
新北市,三峽區,新北市三峽區民生街158號1樓,王牌運動彩券行,地圖
新北市,板橋區,新北市板橋區長江路一段413號1樓,威鑫運動彩券行,地圖
新北市,板橋區,新北市板橋區中山路二段505巷19弄1號1樓,三三八運動彩券行,地圖
新北市,土城區,新北市土城區中央路四段132之1號1樓,玉發發運動彩券行,地圖
新北市,土城區,新北市土城區和平路8之3號1樓,多贏運動彩券行,地圖
新北市,板橋區,新北市板橋區永豐街163號1樓,一三三運動彩券行,地圖
新北市,土城區,新北市土城區千歲路11號1樓,隆盈運動彩券行,地圖
新北市,板橋區,新北市板橋區府中路75號1樓,領航者運動彩券行,地圖
新北市,三峽區,新北市三峽區光明路35號1樓,包你過運動彩券,地圖
新北市,三峽區,新北市三峽區文化路93號1樓,傑出運動彩券,地圖
新北市,三峽區,新北市三峽區三樹路37號1樓,興利發運動彩券行,地圖
新北市,板橋區,新北市板橋區懷德街117號1樓,贏盈運動彩券,地圖
新北市,三峽區,新北市三峽區和平街44號1樓,興順發運動彩券行,地圖
新北市,板橋區,新北市板橋區仁愛路86巷24號1樓,板橋大谷彩券行,地圖
新北市,土城區,新北市土城區峯廷街40號1樓,特斯拉運彩行,地圖
新北市,永和區,新北市永和區中興街111號1樓,勇者無懼運動彩券,地圖
新北市,永和區,新北市永和區竹林路117之1號1樓,神跡妙算運動彩券行,地圖
新北市,永和區,新北市永和區竹林路223號1樓,神通運彩投注站,地圖
新北市,永和區,新北市永和區中興街19號1樓,金耀旺運動彩券行,地圖
新北市,中和區,新北市中和區華新街75號1樓,神奇運動投注站,地圖
新北市,中和區,新北市中和區安平路107號1樓,林承威旺旺彩券行,地圖
新北市,中和區,新北市中和區安平路158號1樓,好運旺旺來運動彩券行,地圖
新北市,中和區,新北市中和區中和路460號1樓,銀豹運動彩券行,地圖
新北市,中和區,新北市中和區新生街162號1樓,馳勝運動彩券行,地圖
新北市,中和區,新北市中和區民德路155之1號1樓,福來喜運動彩券行,地圖
新北市,中和區,新北市中和區景新街383巷56號1樓,滿旺運動彩券行,地圖
新北市,中和區,新北市中和區中和路112號1樓,正中紅心運動彩券行,地圖
新北市,永和區,新北市永和區福和路379號1樓,頂尖全貫運彩行,地圖
新北市,中和區,新北市中和區新生街114巷37弄8號1樓,晶晶運動彩券行,地圖
新北市,中和區,新北市中和區景新街410巷7號1樓,天將運動投注站,地圖
新北市,中和區,新北市中和區景新街410巷27號1樓,鴻運大發運彩行,地圖
新北市,中和區,新北市中和區中和路161號1樓,囍發運動彩券行,地圖
新北市,中和區,新北市中和區秀朗路三段16號1樓,金來旺運動彩券行,地圖
新北市,永和區,新北市永和區福和路57巷3號1樓,偏財運彩券行,地圖
新北市,中和區,新北市中和區民享街86巷26號1樓,鈔能力運動彩券行,地圖
新北市,中和區,新北市中和區立德街19號1樓,金財旺運動彩券行,地圖
新北市,永和區,新北市永和區仁愛路1號1樓,興宏彩券行,地圖
新北市,永和區,新北市永和區林森路68號1樓,運彩新天地號,地圖
新北市,中和區,新北市中和區興南路二段47號1樓,轟不讓運動彩券行,地圖
新北市,永和區,新北市永和區秀朗路二段152號1樓,樂鑫運動彩券行,地圖
新北市,永和區,新北市永和區永和路一段13號1樓,好運達運動彩券,地圖
新北市,中和區,新北市中和區民享街88巷1號1樓,流星運彩行,地圖
新北市,中和區,新北市中和區景平路750號1樓,金石運彩行,地圖
新北市,中和區,新北市中和區安樂路75之1號1樓,松岳運動彩券行,地圖
新北市,中和區,新北市中和區新生街282號1樓,勝馳運動彩券行,地圖
新北市,中和區,新北市中和區自治街2號1樓,豪運旺彩券行,地圖
新北市,中和區,新北市中和區大勇街22號1樓,發全家彩券行,地圖
新北市,中和區,新北市中和區大勇街24號1樓,興萬億運動彩券行,地圖
新北市,中和區,新北市中和區景安路247號1樓,大帥一路發運動彩券,地圖
新北市,中和區,新北市中和區圓通路114號1樓,圓通運彩行,地圖
新北市,中和區,新北市中和區興南路一段2、4號1樓,最會中運動彩券行,地圖
新北市,中和區,新北市中和區和平街10號1樓,雅雅運動彩券行,地圖
新北市,中和區,新北市中和區信義街14號1樓,連連過運動彩券行,地圖
新北市,永和區,新北市永和區中正路495號1樓,大福運動彩券行,地圖
新北市,中和區,新北市中和區民樂路35號1樓,吉豐行,地圖
新北市,中和區,新北市中和區忠孝街99之2號1樓,百鑫旺運動彩券,地圖
新北市,中和區,新北市中和區員山路300號1樓,隆運彩券行,地圖
新北市,中和區,新北市中和區國光街93號1樓,麟光運動彩券行,地圖
新北市,中和區,新北市中和區連城路199號1樓,圓滿運動彩券行,地圖
新北市,中和區,新北市中和區福祥路50號1樓,玩家運動彩券行,地圖
新北市,中和區,新北市中和區宜安路93號1樓,宜安運動彩券行,地圖
新北市,中和區,新北市中和區莊敬路49巷12號1樓,海王星運彩行,地圖
新北市,永和區,新北市永和區秀朗路二段89號1樓,宜信運動彩券行,地圖
新北市,永和區,新北市永和區仁愛路212號1樓,土星運彩行,地圖
新北市,中和區,新北市中和區莒光路145號1樓,飛財來運動彩券行,地圖
新北市,永和區,新北市永和區得和路380號1樓,國際運動彩券行,地圖
新北市,永和區,新北市永和區保平路176號1樓,瘋達人運動彩券行,地圖
新北市,永和區,新北市永和區中興街60之1號1樓,樂樂運彩投注站,地圖
新北市,永和區,新北市永和區永和路一段178號1樓,永贏運動彩券行,地圖
新北市,中和區,新北市中和區景平路479號1樓,將帥運動投注站,地圖
新北市,永和區,新北市永和區民生路83號1樓,民生運動彩券投注站,地圖
新北市,永和區,新北市永和區永平路160號1樓,金好賺運動彩券行,地圖
新北市,中和區,新北市中和區光華街58號1樓,神將運動投注站,地圖
新北市,中和區,新北市中和區自立路107號1樓,鴻運運動彩券行,地圖
新北市,永和區,新北市永和區得和路361號1樓,總勝運動彩券行,地圖
新北市,中和區,新北市中和區連城路325號1樓,大勝運動彩券行,地圖
新北市,永和區,新北市永和區得和路376號1樓,發財之家彩券行,地圖
新北市,永和區,新北市永和區永貞路150號1樓,吉金投注站,地圖
新北市,中和區,新北市中和區景安路170號1樓,御加運動彩券行,地圖
新北市,永和區,新北市永和區中和路317號1樓,奪冠運動彩券行,地圖
新北市,永和區,新北市永和區竹林路1號1樓,富發運動彩券行,地圖
新北市,中和區,新北市中和區新生街150號1樓,綠油油運動彩券行,地圖
新北市,中和區,新北市中和區民德路78號1樓,一六六運動彩券行,地圖
新北市,永和區,新北市永和區中山路一段201號1樓,奪金運動彩券行,地圖
新北市,中和區,新北市中和區景新街386號1樓,陶培光運動彩券行,地圖
新北市,中和區,新北市中和區圓通路61號1樓,世界冠軍運動彩券行,地圖
新北市,永和區,新北市永和區得和路237之1號1樓,得和王牌運動彩券行,地圖
新北市,中和區,新北市中和區員山路436號1樓,富富彩運動彩券行,地圖
新北市,中和區,新北市中和區宜安路65號1樓,億萬金運動彩券,地圖
新北市,永和區,新北市永和區中正路186號1樓,發發發運動彩券行,地圖
新北市,中和區,新北市中和區圓通路355號1樓,金順運動彩券行,地圖
新北市,中和區,新北市中和區南華路17號1樓,通通過運動彩券行,地圖
新北市,中和區,新北市中和區員山路301號1樓,金發發運動彩券,地圖
新北市,永和區,新北市永和區得和路349號1樓,千百倍運動彩券行,地圖
新北市,中和區,新北市中和區民樂路8號1樓,錢天堂運彩行,地圖
新北市,永和區,新北市永和區成功路一段103號1樓,黃財神運動彩券行,地圖
新北市,中和區,新北市中和區和平街105號1樓,迅盈運動彩券行,地圖
新北市,中和區,新北市中和區連城路469巷18號1樓,極星運彩行,地圖
新北市,中和區,新北市中和區忠孝街1號1樓,錸財運動彩券行,地圖
新北市,中和區,新北市中和區華新街28-1號1樓,永滿豐運彩行,地圖
新北市,永和區,新北市永和區永貞路200號1樓,聚金盆運彩行,地圖
新北市,永和區,新北市永和區文化路24號1樓,金五吉運彩行,地圖
新北市,中和區,新北市中和區新生街181號1樓,一五九運動彩券行,地圖
新北市,永和區,新北市永和區文化路111號1樓,高進運彩幫商行,地圖
新北市,永和區,新北市永和區福和路217號1樓,穩當中彩券行,地圖
新北市,中和區,新北市中和區自立路64號1樓,鴻運發運動彩券行,地圖
新北市,中和區,新北市中和區光華街11號1樓,旺華運動彩券,地圖
新北市,中和區,新北市中和區景平路589號1樓,錢壘打運動彩券行,地圖
新北市,中和區,新北市中和區新生街226號1樓,好運來運動彩券行,地圖
新北市,中和區,新北市中和區圓通路179號1樓,戰場傳說運動彩券行,地圖
新北市,中和區,新北市中和區中和路68號1樓,御鉫運動彩券行,地圖
新北市,三重區,新北市三重區自強路一段147號1樓,千倍達人運動彩券,地圖
新北市,蘆洲區,新北市蘆洲區信義路170號1樓,轟了啦運動彩券行,地圖
新北市,三重區,新北市三重區三民街324號1樓,億中商行,地圖
新北市,五股區,新北市五股區西雲路20號1樓,千睿帶財運動彩券,地圖
新北市,蘆洲區,新北市蘆洲區民族路95號1樓,好采球運動彩券行,地圖
新北市,八里區,新北市八里區中山路二段456號1樓,金牌運彩券行,地圖
新北市,五股區,新北市五股區成泰路三段555號1樓,欣滿福運動彩券投注站,地圖
新北市,蘆洲區,新北市蘆洲區正和街24號1樓,飛錢來運動彩券行,地圖
新北市,蘆洲區,新北市蘆洲區信義路190號1樓,仟鳳商行,地圖
新北市,蘆洲區,新北市蘆洲區信義路246之2號1樓,金星運彩行,地圖
新北市,三重區,新北市三重區過圳街7巷4號1樓,過圳安打運動彩券行,地圖
新北市,三重區,新北市三重區三民街87號1樓,群勝投注站,地圖
新北市,八里區,新北市八里區中華路二段566號1樓,過關仔運動彩券行,地圖
新北市,三重區,新北市三重區永福街199號1樓,共好運動彩券行,地圖
新北市,三重區,新北市三重區龍門路126號1樓,鴻不讓運彩行,地圖
新北市,三重區,新北市三重區大同北路14號1樓,飛壘運動彩券行,地圖
新北市,三重區,新北市三重區車路頭街155號1樓,添富運動彩券行,地圖
新北市,泰山區,新北市泰山區楓江路34號1樓,熱點運彩商行,地圖
新北市,林口區,新北市林口區中正路101號1樓,爆米發運動彩券行,地圖
新北市,三重區,新北市三重區忠孝路二段83號1樓,隆億中運動彩券行,地圖
新北市,泰山區,新北市泰山區明志路二段342號1樓,易錸發運動彩券行,地圖
新北市,三重區,新北市三重區文化北路61-2號1樓,佳全運彩投注站,地圖
新北市,三重區,新北市三重區車路頭街106號1樓,飛躍運動彩券投注站,地圖
新北市,泰山區,新北市泰山區明志路一段328號1樓,飛來福運動彩券投注站,地圖
新北市,泰山區,新北市泰山區明志路一段231號1樓,總冠軍運動彩券商行,地圖
新北市,三重區,新北市三重區五華街71號1樓,金鶯運動彩券行,地圖
新北市,蘆洲區,新北市蘆洲區仁愛街42號1樓,松強商店,地圖
新北市,蘆洲區,新北市蘆洲區長安街89號1樓,金發財記運動彩券行,地圖
新北市,蘆洲區,新北市蘆洲區中華街24號1樓,太空運彩行,地圖
新北市,三重區,新北市三重區長安街120號1樓,客來旺商行,地圖
新北市,三重區,新北市三重區力行路一段261號1樓,客來中商行,地圖
新北市,三重區,新北市三重區龍門路69號1樓,金享運動彩券行,地圖
新北市,蘆洲區,新北市蘆洲區光華路124號1樓,金福杉運動彩券行,地圖
新北市,蘆洲區,新北市蘆洲區民族路431號1樓,翔旺億運動彩券行,地圖
新北市,五股區,新北市五股區西雲路111號1樓,祐鑫運動彩券行,地圖
新北市,林口區,新北市林口區文化二路一段374號1樓,展好運運動彩券行,地圖
新北市,蘆洲區,新北市蘆洲區民族路299號1樓,來旺運動彩券行,地圖
新北市,三重區,新北市三重區自強路一段4號1樓,郝旺運動彩券商行,地圖
新北市,五股區,新北市五股區凌雲路一段98號1樓,恆惠中運動彩券行,地圖
新北市,蘆洲區,新北市蘆洲區九芎街88號1樓,台灣之光彩券行,地圖
新北市,泰山區,新北市泰山區貴子路44號1樓,水星運彩行,地圖
新北市,三重區,新北市三重區大智街114號1樓,幸福鑫運彩投注站,地圖
新北市,蘆洲區,新北市蘆洲區中正路185巷30號1樓,億陸發運動彩券行,地圖
新北市,三重區,新北市三重區大同北路50號1樓,翔旺金福神運動彩券行,地圖
新北市,三重區,新北市三重區光復路一段68巷21號1樓,八六六運動彩券行,地圖
新北市,泰山區,新北市泰山區民權街37號1樓,全民運動彩券行,地圖
新北市,三重區,新北市三重區頂崁街205號1樓,逆轉勝運彩行,地圖
新北市,三重區,新北市三重區仁愛街515號1樓,盈福運動彩券行,地圖
新北市,三重區,新北市三重區三民街158號1樓,金超群運動彩券行,地圖
新北市,蘆洲區,新北市蘆洲區長安街60號1樓,翔好過運動彩券行,地圖
新北市,林口區,新北市林口區林口路32號1樓,全得意運動彩券行,地圖
新北市,三重區,新北市三重區力行路二段162巷5號1樓,福臨運動彩券行,地圖
新北市,三重區,新北市三重區重陽路一段113巷15號1樓,陽陽運彩行,地圖
新北市,蘆洲區,新北市蘆洲區民族路80號1樓,好神運動彩券行,地圖
新北市,三重區,新北市三重區自強路一段56號1樓,宇宙運彩行,地圖
新北市,蘆洲區,新北市蘆洲區民權路95號1樓,肥滋滋運動彩券行,地圖
新北市,泰山區,新北市泰山區明志路一段33號1樓,中華運彩站,地圖
新北市,三重區,新北市三重區五華街107號1樓,鈔郝盈運彩行,地圖
新北市,五股區,新北市五股區五福路11之5號1樓,運駕到運動彩券行,地圖
新北市,三重區,新北市三重區車路頭街174號1樓,招財樂運動彩券行,地圖
新北市,蘆洲區,新北市蘆洲區光華路75號1樓,金彩運彩行,地圖
新北市,三重區,新北市三重區正義北路350號1樓,宣寶發商行,地圖
新北市,泰山區,新北市泰山區全興路15號1樓,丞鑫運動彩券行,地圖
新北市,三重區,新北市三重區三陽路18號1樓,金客棧運動彩券行,地圖
新北市,蘆洲區,新北市蘆洲區永康街31號1樓,金球發運動彩券行,地圖
新北市,三重區,新北市三重區仁愛街392號1樓,吉榮商行,地圖
新北市,泰山區,新北市泰山區民生路5號1樓,金亞運動彩券行,地圖
新北市,蘆洲區,新北市蘆洲區信義路349號1樓,飛鴻旺運動彩券行,地圖
新北市,三重區,新北市三重區自強路二段42號1樓,好野郎運動彩券行,地圖
新北市,蘆洲區,新北市蘆洲區中原路36號1樓,五吉運動彩券行,地圖
新北市,五股區,新北市五股區民義路一段125號1樓,來樂發運彩行,地圖
新北市,林口區,新北市林口區中山路8號1樓,錢來發運動彩券行,地圖
新北市,八里區,新北市八里區中山路二段408號1樓,穩贏運動彩券行,地圖
新北市,林口區,新北市林口區麗園一街17號1樓,金多運動彩券行,地圖
新北市,三重區,新北市三重區大智街137號1樓,百合投注站,地圖
新北市,蘆洲區,新北市蘆洲區長安街37號1樓,逸發運動彩券行,地圖
新北市,三重區,新北市三重區重陽路三段5巷34號1樓,客萊發商行,地圖
新北市,三重區,新北市三重區慈愛街72號1樓,旺得富運動彩投注站,地圖
新北市,三重區,新北市三重區正義南路56號1樓,好運旺運彩行,地圖
新北市,三重區,新北市三重區中正南路182號1樓,富信運動彩券行,地圖
新北市,三重區,新北市三重區集美街186號1樓,競電運動彩券行,地圖
新北市,泰山區,新北市泰山區明志路三段76號1樓,強強滾運動彩券,地圖
新北市,八里區,新北市八里區中山路一段223號1樓,林旺運動彩券行,地圖
新北市,三重區,新北市三重區重新路3段1號1樓,吉米喵運動彩券行,地圖
新北市,三重區,新北市三重區集美街67號1樓,大滿貫運彩行,地圖
新北市,泰山區,新北市泰山區泰林路二段376號1樓,豪運運動彩券投注站,地圖
新北市,泰山區,新北市泰山區仁武街96號1樓,營尚豪運動彩券行,地圖
新北市,三重區,新北市三重區忠孝路二段138號1樓,天天運動彩券行,地圖
新北市,三重區,新北市三重區自強路一段162號1樓,鈺芳運彩投注站,地圖
新北市,三重區,新北市三重區三陽路111號1樓,多多贏運動彩券行,地圖
新北市,蘆洲區,新北市蘆洲區長安街4號1樓,福駕到運動彩券行,地圖
新北市,蘆洲區,新北市蘆洲區民族路184號1樓,金枝運動彩券行,地圖
新北市,蘆洲區,新北市蘆洲區永安北路二段34號1樓,招財喵運動彩券行,地圖
新北市,三重區,新北市三重區重陽路三段5巷3號1樓,錢滿滿運動彩券行,地圖
新北市,三重區,新北市三重區文化北路22之2號1樓,鉅發運動彩券行,地圖
新北市,三重區,新北市三重區大智街144號1樓,彗星運彩行,地圖
新北市,五股區,新北市五股區凌雲路一段92號1樓,銀河運彩行,地圖
新北市,蘆洲區,新北市蘆洲區民族路442號1樓,金壘打運動彩券行,地圖
新北市,三重區,新北市三重區溪尾街235號1樓,發財貓投注站,地圖
新北市,林口區,新北市林口區文化二路一段60號1樓之3,鑫運來彩券行,地圖
新北市,三重區,新北市三重區仁美街98號1樓,伍吉玖發運動彩券行,地圖
新北市,三重區,新北市三重區仁華街22號1樓,千億運動彩券行,地圖
新北市,林口區,新北市林口區文化二路一段46號1樓,天賜運彩行,地圖
新北市,蘆洲區,新北市蘆洲區中興街50號1樓,三四五運動彩券行,地圖
新北市,林口區,新北市林口區中山路97巷1號1樓,財神降臨運動彩券行,地圖
新北市,五股區,新北市五股區自強路133號1樓,英格蘭運動彩券行,地圖
新北市,五股區,新北市五股區成泰路三段577巷70號1樓,亨億運動彩券行,地圖
新北市,蘆洲區,新北市蘆洲區光華路32號1樓,財記運動彩券行,地圖
新北市,三重區,新北市三重區龍濱路251號1樓,瓏來發運動彩券行,地圖
新北市,蘆洲區,新北市蘆洲區中原路37號1樓,火星運彩行,地圖
新北市,蘆洲區,新北市蘆洲區復興路188號1樓,財億來運動彩券行,地圖
新北市,三重區,新北市三重區自強路一段15號1樓,金鑫發運動彩券行,地圖
新北市,蘆洲區,新北市蘆洲區中華街25號1樓,金架穩運動彩券行,地圖
新北市,五股區,新北市五股區工商路85巷6號1樓,騏盛運動彩券行,地圖
新北市,三重區,新北市三重區大智街164號1樓,囍來發運動彩券行,地圖
新北市,三重區,新北市三重區福德北路36號1樓,御豐勝運動彩券行,地圖
新北市,林口區,新北市林口區中正路357號1樓,完全打擊運動彩券行,地圖
新北市,泰山區,新北市泰山區明志路二段86號1樓,金彩億運彩行,地圖
新北市,三重區,新北市三重區文化北路136號1樓,旺福運彩行,地圖
新北市,三重區,新北市三重區三民街167號1樓,鑫囍運動彩券行,地圖
新北市,泰山區,新北市泰山區明志路一段303號1樓,金彩獎運彩行,地圖
新北市,三重區,新北市三重區三和路二段156號1樓,萬金有運動彩券行,地圖
新北市,三重區,新北市三重區溪尾街182號1樓,嘉鑫運動彩券行,地圖
新北市,新莊區,新北市新莊區民本街25巷1號1樓,金來發運動彩券行,地圖
新北市,新莊區,新北市新莊區昌隆街10號1樓,昌隆運動彩券行,地圖
新北市,新莊區,新北市新莊區西盛街221號1樓,連旺商行,地圖
新北市,新莊區,新北市新莊區龍安路323號1樓,包贏財運動彩券行,地圖
新北市,新莊區,新北市新莊區龍安路234號1樓,龍長吟運動彩券,地圖
新北市,新莊區,新北市新莊區福營路376號1樓,福贏運彩站,地圖
新北市,樹林區,新北市樹林區中華路341之1號1樓,九隆好運投注站,地圖
新北市,新莊區,新北市新莊區大觀街42巷2之5號1樓,豪運家運動彩券行,地圖
新北市,樹林區,新北市樹林區保安街一段18之2號1樓,飛連福運動彩券行,地圖
新北市,樹林區,新北市樹林區保安街二段209號1樓,買就發運動彩券行,地圖
新北市,新莊區,新北市新莊區西盛街392號1樓,順財神運動彩券行,地圖
新北市,新莊區,新北市新莊區民安西路290號1樓,活力發運動彩券行,地圖
新北市,樹林區,新北市樹林區佳園路三段492號1樓,四九二運動彩券行,地圖
新北市,新莊區,新北市新莊區中平路92巷2號1樓,三冠王運動彩券行,地圖
新北市,樹林區,新北市樹林區忠孝街23號1樓,忠贏運動彩券行,地圖
新北市,鶯歌區,新北市鶯歌區尖山路258巷1號1樓,貳伍發運動彩券行,地圖
新北市,樹林區,新北市樹林區太平路150巷25號1樓,沒對手運動彩券行,地圖
新北市,新莊區,新北市新莊區化成路91號1樓,陳思妤運彩行,地圖
新北市,新莊區,新北市新莊區裕民街85巷16號1樓,來興福運動彩券行,地圖
新北市,新莊區,新北市新莊區中和街190號1樓,紅威彩券行,地圖
新北市,新莊區,新北市新莊區新泰路35號1樓,金常中運動彩券行,地圖
新北市,新莊區,新北市新莊區中港路363號1樓,中港運彩商行,地圖
新北市,新莊區,新北市新莊區公園一路40號1樓,一直贏運動彩券投注站,地圖
新北市,樹林區,新北市樹林區博愛街111號1樓,加倍旺運動彩券,地圖
新北市,新莊區,新北市新莊區福壽街80號1樓,鉅肇彩券行,地圖
新北市,樹林區,新北市樹林區中山路一段108巷53號1樓,慈穩發運動彩券行,地圖
新北市,新莊區,新北市新莊區新北大道七段223號1樓,駿億運動彩券行,地圖
新北市,新莊區,新北市新莊區中原路303號1樓,木星運彩行,地圖
新北市,新莊區,新北市新莊區豐年街55之1號1樓,三彩彩券行,地圖
新北市,新莊區,新北市新莊區公園路6號1樓,雷霸龍運動彩券行,地圖
新北市,樹林區,新北市樹林區東華街8號1樓,梅西運動彩券行,地圖
新北市,新莊區,新北市新莊區新泰路6號1樓,大吉祥運動彩券行,地圖
新北市,樹林區,新北市樹林區大安路521號1樓,喜來發運動彩券行,地圖
新北市,樹林區,新北市樹林區保安二街46號1樓,進發運動彩券行,地圖
新北市,樹林區,新北市樹林區太順街42號1樓,樂運通彩券行,地圖
新北市,樹林區,新北市樹林區千歲街26之6號1樓,迎財神彩券行,地圖
新北市,新莊區,新北市新莊區後港一路67號1樓,來輸贏彩券行,地圖
新北市,新莊區,新北市新莊區樹新路206號1樓,吉曜投注站,地圖
新北市,新莊區,新北市新莊區民安西路136號1樓,四季發運動彩券行,地圖
新北市,新莊區,新北市新莊區四維路213號1樓,財滾滾運動彩券行,地圖
新北市,樹林區,新北市樹林區保安街一段311號1樓,蘋果運動彩券,地圖
新北市,新莊區,新北市新莊區民安路187號1樓,滿壘運動彩券行,地圖
新北市,樹林區,新北市樹林區大雅路295號1樓,怡卉興業社,地圖
新北市,新莊區,新北市新莊區後港一路32號1樓,旺旺來運動彩券行,地圖
新北市,新莊區,新北市新莊區建安街85號1樓,後港運動發彩券投注站,地圖
新北市,樹林區,新北市樹林區佳園路三段91號1樓,神豪運動彩券行,地圖
新北市,新莊區,新北市新莊區建中街14號1樓,柯比運動彩券行,地圖
新北市,新莊區,新北市新莊區中誠街173號1樓,金元抱運動彩券行,地圖
新北市,樹林區,新北市樹林區文化街42號1樓,億彩發彩券行,地圖
新北市,新莊區,新北市新莊區中港路132巷24號1樓,大吉利彩券行,地圖
新北市,樹林區,新北市樹林區保安二街42號1樓,金鑽運動彩券行,地圖
新北市,新莊區,新北市新莊區後港二路25號1樓,好運到運動彩券行,地圖
新北市,新莊區,新北市新莊區建福路63號1樓,金好運商行,地圖
新北市,樹林區,新北市樹林區太元街75號1樓,運好發彩券行,地圖
新北市,新莊區,新北市新莊區新泰路281號1樓,宏不讓運動彩券商行,地圖
新北市,新莊區,新北市新莊區民安西路386號、386號之1(1樓),滿球數運動彩券行,地圖
新北市,新莊區,新北市新莊區昌明街78號1樓,尚紘運動彩券行,地圖
新北市,新莊區,新北市新莊區幸福路61號1樓,鑫鑫鑫運動彩券行,地圖
新北市,新莊區,新北市新莊區福壽街4號1樓,錢來也運動彩券行,地圖
新北市,樹林區,新北市樹林區太平路56巷1號1樓,氣再來運動彩券行,地圖
新北市,新莊區,新北市新莊區富國路63號1樓,賺很大運動彩券行,地圖
新北市,新莊區,新北市新莊區中正路700之27號1樓,紅不讓彩券行,地圖
新北市,鶯歌區,新北市鶯歌區建國路246號1樓,金牌運動彩券行,地圖
新北市,新莊區,新北市新莊區中和街119號1樓,發大財運動彩券行,地圖
新北市,樹林區,新北市樹林區國凱街32之5號1樓,過關運彩投注站,地圖
新北市,新莊區,新北市新莊區中平路112號1樓,鴻不讓彩券商行,地圖
新北市,樹林區,新北市樹林區博愛街39號1樓,運來寶運動彩券行,地圖
新北市,鶯歌區,新北市鶯歌區國慶街73號1樓,佳成運動彩券行,地圖
新北市,樹林區,新北市樹林區三福街28號1樓,轟不停運動彩券行,地圖
新北市,新莊區,新北市新莊區幸福路791號1樓,翔元彩券行,地圖
新北市,樹林區,新北市樹林區文化街2號1樓,荃盈運彩投注站,地圖
新北市,樹林區,新北市樹林區保安街一段181號1樓,武元興業社,地圖
新北市,鶯歌區,新北市鶯歌區中正一路74號1樓,金沙運動彩券投注站,地圖
新北市,新莊區,新北市新莊區龍安路14號1樓,龍安運動彩券行,地圖
新北市,新莊區,新北市新莊區八德街101號1樓,恆星運彩行,地圖
新北市,新莊區,新北市新莊區化成路364巷26號1樓,金牛運彩商行,地圖
新北市,樹林區,新北市樹林區中山路一段73之1號1樓,運發野運動彩券,地圖
新北市,新莊區,新北市新莊區公園路166號1樓,八方賜財運動彩券行,地圖
新北市,鶯歌區,新北市鶯歌區中正一路72號1樓,旺興發運動彩券行,地圖
新北市,新莊區,新北市新莊區中誠街38號1樓,鴻運來運動彩券行,地圖
新北市,新莊區,新北市新莊區中華路二段5號1樓,錢多多運動彩券行,地圖
新北市,新莊區,新北市新莊區五權一路12巷9弄3號1樓,一路鑫旺運動彩券行,地圖
新北市,新莊區,新北市新莊區豐年街49號1樓,財神發運動彩券行,地圖
新北市,新莊區,新北市新莊區中港路546號1樓,北二高運動彩券行,地圖
新北市,樹林區,新北市樹林區太順街43號1樓,吉勝運動彩券行,地圖
新北市,新莊區,新北市新莊區雙鳳路38號1樓,王亭方運彩行,地圖
新北市,新莊區,新北市新莊區八德街164號1樓,造極登峰運動彩券,地圖
新北市,新莊區,新北市新莊區中平路64號1樓,運動旺投注站,地圖
新北市,新莊區,新北市新莊區福壽街100號1樓,金滿貫運動投注站,地圖
新北市,新莊區,新北市新莊區中正路929巷22號1樓,財運昌隆運動彩券,地圖
新北市,新莊區,新北市新莊區中港路132巷2號1樓,天下第一莊運彩站,地圖
新北市,新莊區,新北市新莊區化成路361號1樓,來就富運動彩券行,地圖
新北市,新莊區,新北市新莊區中港路337號1樓,超級玩家運彩投注站,地圖
新北市,新莊區,新北市新莊區西盛街176號1樓,西盛鑫運來運動彩券投注站,地圖
新北市,新莊區,新北市新莊區建國一路70號1樓,金鐘運彩站,地圖
新北市,新莊區,新北市新莊區化成路400號1樓,樂彩商行,地圖
新北市,樹林區,新北市樹林區樹新路181號1樓,松讚運動彩券行,地圖
新北市,樹林區,新北市樹林區中山路三段171號1樓,神話運動彩券行,地圖
新北市,樹林區,新北市樹林區中山路一段174之1號1樓,世界運彩行,地圖
新北市,新莊區,新北市新莊區建中街76號1樓,興盛運動彩券行,地圖
新北市,新莊區,新北市新莊區後港一路8號1樓,後港阿部彩券投注站,地圖
新北市,新莊區,新北市新莊區民安西路51號1樓,一定關關過運動彩券行,地圖
新北市,新莊區,新北市新莊區民安路168號1樓,民安發財神運動彩券行,地圖
新北市,鶯歌區,新北市鶯歌區建國路227號1樓,貳貳柒運動彩券行,地圖
新北市,新莊區,新北市新莊區昌明街16號1樓,千倍商行,地圖
新北市,鶯歌區,新北市鶯歌區鶯桃路608號1樓,大鶯桃運動彩券行,地圖
新北市,鶯歌區,新北市鶯歌區南雅路457號1樓,柒柒柒運動彩券行,地圖
新北市,新莊區,新北市新莊區五工路98號1樓,金中旺運動投注站,地圖